backbone,params,weights_revision,feat_dim,dermamnist,octmnist,in_analysis
caformer_s18.sail_in1k,23237936,hf:timm/caformer_s18.sail_in1k@f2054d7d6dd0fddcd00f3d117959c913314075dc,512,fitted,fitted,yes
caformer_s18.sail_in22k,23237936,hf:timm/caformer_s18.sail_in22k@024fb67273e2929c2cc2d64f19d9ecc0270005e7,512,fitted,fitted,yes
caformer_s18.sail_in22k_ft_in1k,23237936,hf:timm/caformer_s18.sail_in22k_ft_in1k@cc6467f00ce5f7c89ad66e02900bc17e6df2c135,512,fitted,fitted,yes
caformer_s36.sail_in1k,36193382,hf:timm/caformer_s36.sail_in1k@99d758a41bf3c6c99d0705b71e12d76855353439,512,fitted,fitted,yes
caformer_s36.sail_in22k,36193382,hf:timm/caformer_s36.sail_in22k@d8e7f10ed67ab0d16efc2d6e2d356ea42462a877,512,fitted,fitted,yes
caformer_s36.sail_in22k_ft_in1k,36193382,hf:timm/caformer_s36.sail_in22k_ft_in1k@71ed03700f6ea61fd484d826edc3d39017d14dfe,512,fitted,fitted,yes
cait_s24_224.fb_dist_in1k,46531200,hf:timm/cait_s24_224.fb_dist_in1k@c5a28e40a114b1075123e87f0edeb5fdd7252659,384,fitted,fitted,yes
cait_xxs24_224.fb_dist_in1k,11763264,hf:timm/cait_xxs24_224.fb_dist_in1k@9ad79270f9b75b6d9f2afb74a94e38046eae7f83,192,fitted,fitted,yes
cait_xxs36_224.fb_dist_in1k,17106720,hf:timm/cait_xxs36_224.fb_dist_in1k@9bcb1760a744875ae18af7256a910bf4940b1d8c,192,fitted,fitted,yes
coat_lite_medium.in1k,44058048,hf:timm/coat_lite_medium.in1k@c90485146ee6a9eef36f9f37d46d4a38c4a12a24,512,fitted,fitted,yes
coat_lite_mini.in1k,10498560,hf:timm/coat_lite_mini.in1k@dc3de17226033e95dbdc5f8f75d599d631426421,512,fitted,fitted,yes
coat_lite_small.in1k,19325504,hf:timm/coat_lite_small.in1k@0922fad7eb499828d9ef402efe4bfd0072aa6e85,512,fitted,fitted,yes
coat_lite_tiny.in1k,5400960,hf:timm/coat_lite_tiny.in1k@db143d32976054b06287b8687ff55b9d443fb82f,320,fitted,fitted,yes
coat_mini.in1k,10120004,hf:timm/coat_mini.in1k@a945466577413c372a491929b8b0c83d85cdbd49,216,fitted,fitted,yes
coat_small.in1k,21372908,hf:timm/coat_small.in1k@2a7947eca4d3d27a082635515c5c38a093b55983,320,fitted,fitted,yes
coat_tiny.in1k,5345540,hf:timm/coat_tiny.in1k@7889262346082ca23747a1a9ff768e45d22bcb4f,152,fitted,fitted,yes
coatnet_0_rw_224.sw_in1k,26666562,hf:timm/coatnet_0_rw_224.sw_in1k@6686c5427a459d5591f4c3bc72c22b2037cad39d,768,fitted,fitted,yes
coatnet_1_rw_224.sw_in1k,40952502,hf:timm/coatnet_1_rw_224.sw_in1k@39eb489f432a7e7a09b96ba1a28d8a68a2747bce,768,fitted,fitted,yes
coatnet_bn_0_rw_224.sw_in1k,26666562,hf:timm/coatnet_bn_0_rw_224.sw_in1k@aec4c668375cdd6fbb374c7f218121301c7427a4,768,fitted,fitted,yes
coatnet_nano_rw_224.sw_in1k,14628244,hf:timm/coatnet_nano_rw_224.sw_in1k@89fb9ccadc876a973c6ff954b089eb6723174c7a,512,fitted,fitted,yes
coatnet_rmlp_1_rw2_224.sw_in12k,40955622,hf:timm/coatnet_rmlp_1_rw2_224.sw_in12k@20a0b79926fcc65a1931eae8e0787ac3c9f84e43,768,fitted,fitted,yes
coatnet_rmlp_1_rw2_224.sw_in12k_ft_in1k,40955622,hf:timm/coatnet_rmlp_1_rw2_224.sw_in12k_ft_in1k@d65969f6b8a7f779c76343b251b4decefff1973b,768,fitted,fitted,yes
coatnet_rmlp_1_rw_224.sw_in1k,40922982,hf:timm/coatnet_rmlp_1_rw_224.sw_in1k@9e4f35a894dfe30d1081408813f40be658e986e8,768,fitted,fitted,yes
coatnet_rmlp_nano_rw_224.sw_in1k,14632116,hf:timm/coatnet_rmlp_nano_rw_224.sw_in1k@6cee1f47b202092f2e1f0d6e00be060a2ef83375,512,fitted,fitted,yes
coatnext_nano_rw_224.sw_in1k,14188244,hf:timm/coatnext_nano_rw_224.sw_in1k@c942c2a28eb677230a6d4b391943380c422e7b43,512,fitted,fitted,yes
convformer_s18.sail_in1k,23670728,hf:timm/convformer_s18.sail_in1k@57ccd78d2186c7e9a45cb33c1575b0517943b504,512,fitted,fitted,yes
convformer_s18.sail_in22k,23670728,hf:timm/convformer_s18.sail_in22k@f8430cda8bac8d1a3eb0bffa70eabf349c883952,512,fitted,fitted,yes
convformer_s18.sail_in22k_ft_in1k,23670728,hf:timm/convformer_s18.sail_in22k_ft_in1k@149d6bf3ee04339d956e59bee044eef8a18ef498,512,fitted,fitted,yes
convformer_s36.sail_in1k,36908432,hf:timm/convformer_s36.sail_in1k@3d2f330e3052b7e7a0950a9d29a7db4494c704a9,512,fitted,fitted,yes
convformer_s36.sail_in22k,36908432,hf:timm/convformer_s36.sail_in22k@97c8bad26cbac00169ae00996a225f06d84a3b27,512,fitted,fitted,yes
convformer_s36.sail_in22k_ft_in1k,36908432,hf:timm/convformer_s36.sail_in22k_ft_in1k@3ac5f127efa167b5a7695e76c64ac1c71ec51b6a,512,fitted,fitted,yes
convit_small.fb_in1k,27344322,hf:timm/convit_small.fb_in1k@4878143b99d28eb49971c258b0dc2f46b30495cd,432,fitted,fitted,yes
convit_tiny.fb_in1k,5517512,hf:timm/convit_tiny.fb_in1k@0c174f431b2b9f8d9afaad166d703ae99415c83f,192,fitted,fitted,yes
convmixer_1024_20_ks9_p14.in1k,23358464,hf:timm/convmixer_1024_20_ks9_p14.in1k@bc726146a1de5d032c9e03e567188498f09a8027,1024,fitted,fitted,yes
convmixer_768_32.in1k,20341248,hf:timm/convmixer_768_32.in1k@09fa91bbf9d93bf517098727fdd0ff580e69e035,768,fitted,fitted,yes
convnext_atto.d2_in1k,3374520,hf:timm/convnext_atto.d2_in1k@435c0a8d02d5b872e90c8cde36887465982cb399,320,fitted,fitted,yes
convnext_atto_ols.a2_in1k,3381912,hf:timm/convnext_atto_ols.a2_in1k@e5c9e1af0cd67a61db8ebe00a6c57019704b2a07,320,fitted,fitted,yes
convnext_femto.d1_in1k,4832784,hf:timm/convnext_femto.d1_in1k@1e0c02df687c47abf0819e1a4f858293e17e0c50,384,fitted,fitted,yes
convnext_femto_ols.d1_in1k,4841520,hf:timm/convnext_femto_ols.d1_in1k@16954408dffddcc0f68006660e4cf24e7804f07a,384,fitted,fitted,yes
convnext_nano.d1h_in1k,14952560,hf:timm/convnext_nano.d1h_in1k@fe9cba6df2f17352639e23ca89e1aa6b37f51462,640,fitted,fitted,yes
convnext_nano.in12k,14952560,hf:timm/convnext_nano.in12k@15fd00e9b9a7be75b5cf75286814ddc0e03a45d0,640,fitted,fitted,yes
convnext_nano.in12k_ft_in1k,14952560,hf:timm/convnext_nano.in12k_ft_in1k@f185680dbe452e7d20db71f4e5020b89fe708945,640,fitted,fitted,yes
convnext_nano_ols.d1h_in1k,15008560,hf:timm/convnext_nano_ols.d1h_in1k@013df4ea50db40d3a6f244077faa2e5d3b60c38a,640,fitted,fitted,yes
convnext_pico.d1_in1k,8532672,hf:timm/convnext_pico.d1_in1k@0d879cb0cfd9b851a13f007d3ed170dd049f1476,512,fitted,fitted,yes
convnext_pico_ols.d1_in1k,8548928,hf:timm/convnext_pico_ols.d1_in1k@b357b3c99ef130b8f7c6a8bbf55634c760cd3528,512,fitted,fitted,yes
convnext_small.dinov3_lvd1689m,49454688,hf:timm/convnext_small.dinov3_lvd1689m@9a0c319ae4531d36df6ef11fc253fdc4b503628a,768,fitted,fitted,yes
convnext_small.fb_in1k,49454688,hf:timm/convnext_small.fb_in1k@7941c0c00f3ca64f5048de06464b90ad12da0ccb,768,fitted,fitted,yes
convnext_small.fb_in22k,49454688,hf:timm/convnext_small.fb_in22k@4cde7ae59c8f7fcff3f9547de274819f54863dfd,768,fitted,fitted,yes
convnext_small.fb_in22k_ft_in1k,49454688,hf:timm/convnext_small.fb_in22k_ft_in1k@fe6b358aa409414cdb522ae3d43a2c9922f7cc1b,768,fitted,fitted,yes
convnext_small.in12k,49454688,hf:timm/convnext_small.in12k@17adaee9315a7486a1a0e4d0af1c224cdef1e2cc,768,fitted,fitted,yes
convnext_small.in12k_ft_in1k,49454688,hf:timm/convnext_small.in12k_ft_in1k@45db0bc46e10f927840106d2763c36e6b8a2fc53,768,fitted,fitted,yes
convnext_tiny.dinov3_lvd1689m,27820128,hf:timm/convnext_tiny.dinov3_lvd1689m@39c7bb32f83c11bbb13cb23058f8852a4dac88ed,768,fitted,fitted,yes
convnext_tiny.fb_in1k,27820128,hf:timm/convnext_tiny.fb_in1k@b43a6303c9fcf176d2d707478a128c2c91e93528,768,fitted,fitted,yes
convnext_tiny.fb_in22k,27820128,hf:timm/convnext_tiny.fb_in22k@342f2588bb2ea79d793d0712c9be16ec6ae0149a,768,fitted,fitted,yes
convnext_tiny.fb_in22k_ft_in1k,27820128,hf:timm/convnext_tiny.fb_in22k_ft_in1k@bc48a87f119bae1b06418f5340bfa97ef75d4609,768,fitted,fitted,yes
convnext_tiny.in12k,27820128,hf:timm/convnext_tiny.in12k@231535aee93533e7da9c82ccd8804ed9e59353bf,768,fitted,fitted,yes
convnext_tiny.in12k_ft_in1k,27820128,hf:timm/convnext_tiny.in12k_ft_in1k@aa096f03029c7f0ec052013f64c819b34f8ad790,768,fitted,fitted,yes
convnext_tiny_hnf.a2h_in1k,27820128,hf:timm/convnext_tiny_hnf.a2h_in1k@6d8edbd272575af5fce38195b01cfd544f7bb3f6,768,fitted,fitted,yes
convnext_zepto_rms.ra4_e3600_r224_in1k,1898656,hf:timm/convnext_zepto_rms.ra4_e3600_r224_in1k@0b60cfd7ba79eaa108996337297585879134f48e,256,fitted,fitted,yes
convnext_zepto_rms_ols.ra4_e3600_r224_in1k,1907232,hf:timm/convnext_zepto_rms_ols.ra4_e3600_r224_in1k@fc9044eff11d0f1fb4c9fa812d8ac8c57b49c823,256,fitted,fitted,yes
convnextv2_atto.fcmae,3387400,hf:timm/convnextv2_atto.fcmae@1a67688b61fa12922bc86dab210c40f33129bd39,320,fitted,fitted,yes
convnextv2_atto.fcmae_ft_in1k,3387400,hf:timm/convnextv2_atto.fcmae_ft_in1k@2de59190576d00653aabde4bcd4af7525a93ad1b,320,fitted,fitted,yes
convnextv2_femto.fcmae,4848240,hf:timm/convnextv2_femto.fcmae@ad8895ca0e753755810acaa2068a7ebf497e6b2a,384,fitted,fitted,yes
convnextv2_femto.fcmae_ft_in1k,4848240,hf:timm/convnextv2_femto.fcmae_ft_in1k@8cf231e1f85cfad1b89ecd93ce7d1e564e51a2a8,384,fitted,fitted,yes
convnextv2_nano.fcmae,14982800,hf:timm/convnextv2_nano.fcmae@2419e272800fbfc02faec091b7e389cb93a098f1,640,fitted,fitted,yes
convnextv2_nano.fcmae_ft_in1k,14982800,hf:timm/convnextv2_nano.fcmae_ft_in1k@fd83d9c986153f1bac0fc78368a17a66eb9c584e,640,fitted,fitted,yes
convnextv2_nano.fcmae_ft_in22k_in1k,14982800,hf:timm/convnextv2_nano.fcmae_ft_in22k_in1k@aacb23b94d2adf0b206df6c8a75798b672183d6d,640,fitted,fitted,yes
convnextv2_pico.fcmae,8553280,hf:timm/convnextv2_pico.fcmae@2e8e5635fb3c43c96dbcb94fd678fb28d3faa4f0,512,fitted,fitted,yes
convnextv2_pico.fcmae_ft_in1k,8553280,hf:timm/convnextv2_pico.fcmae_ft_in1k@487fca19792ca49f7c60ddf306b7bc9b052d8305,512,fitted,fitted,yes
convnextv2_tiny.fcmae,27866496,hf:timm/convnextv2_tiny.fcmae@719850d18d9f48ae47b32b8fd0717cd4b82a8b80,768,fitted,fitted,yes
convnextv2_tiny.fcmae_ft_in1k,27866496,hf:timm/convnextv2_tiny.fcmae_ft_in1k@508caf1bc24fd02c69d15778b994e808670dbc28,768,fitted,fitted,yes
convnextv2_tiny.fcmae_ft_in22k_in1k,27866496,hf:timm/convnextv2_tiny.fcmae_ft_in22k_in1k@b1dd46230e80bf4cc3fa0c3c905db2c3ec53a817,768,fitted,fitted,yes
davit_small.msft_in1k,49745896,hf:timm/davit_small.msft_in1k@34eef293500352e8dbf7eee82b1c55cb146bfd6e,768,fitted,fitted,yes
davit_tiny.msft_in1k,28360168,hf:timm/davit_tiny.msft_in1k@982f32c73d98f9966df4a7178b32b820bed3c1b1,768,fitted,fitted,yes
deit3_medium_patch16_224.fb_in1k,38336512,hf:timm/deit3_medium_patch16_224.fb_in1k@36b55aaaecc8189c8f7fa66c6cb989597c400db8,512,fitted,fitted,yes
deit3_medium_patch16_224.fb_in22k_ft_in1k,38336512,hf:timm/deit3_medium_patch16_224.fb_in22k_ft_in1k@68625c7426aa62fc8c8dde077505bf14bfb3086c,512,fitted,fitted,yes
deit3_small_patch16_224.fb_in1k,21674496,hf:timm/deit3_small_patch16_224.fb_in1k@f3f500f06a4e005ba9f75277265cf96de6809031,384,fitted,fitted,yes
deit3_small_patch16_224.fb_in22k_ft_in1k,21674496,hf:timm/deit3_small_patch16_224.fb_in22k_ft_in1k@eca139c3ff931ec68bed87677b68d247a7bdddf8,384,fitted,fitted,yes
deit_small_distilled_patch16_224.fb_in1k,21666432,hf:timm/deit_small_distilled_patch16_224.fb_in1k@b53f4f1eb32f73f8a02164626258a9d3c5ad8a62,,excluded: timm build failure (AssertionError building the pooled headless encoder),excluded: timm build failure (AssertionError building the pooled headless encoder),no
deit_small_patch16_224.fb_in1k,21665664,hf:timm/deit_small_patch16_224.fb_in1k@91327a9c99f98fe6b524cd4d397b7226b80e1365,384,fitted,fitted,yes
deit_tiny_distilled_patch16_224.fb_in1k,5524800,hf:timm/deit_tiny_distilled_patch16_224.fb_in1k@05380d1a867937598c4ecb14852fafde6c976bd8,,excluded: timm build failure (AssertionError building the pooled headless encoder),excluded: timm build failure (AssertionError building the pooled headless encoder),no
deit_tiny_patch16_224.fb_in1k,5524416,hf:timm/deit_tiny_patch16_224.fb_in1k@80e968688553f219e4a86f940ed945a23709c16f,192,fitted,fitted,yes
densenet121.ra_in1k,6953856,hf:timm/densenet121.ra_in1k@92007b6200e0b4a4fe68cb4e3947022a928aaaae,1024,fitted,fitted,yes
densenet121.tv_in1k,6953856,hf:timm/densenet121.tv_in1k@f0d0f2698a02cb133b09d48396db6e1e46fe9f3b,1024,fitted,fitted,yes
densenet161.tv_in1k,26472000,hf:timm/densenet161.tv_in1k@a037a91d210d8dd8fd8e1cb8b8e53a093e3b2a2c,2208,fitted,fitted,yes
densenet169.tv_in1k,12484480,hf:timm/densenet169.tv_in1k@0c393a8ab0b369cfeb596c45fbaff58d0d4272b8,1664,fitted,fitted,yes
densenet201.tv_in1k,18092928,hf:timm/densenet201.tv_in1k@8d2e0f14ef7363343a1a15d6535db01e161ab3a9,1920,fitted,fitted,yes
densenetblur121d.ra_in1k,6973088,hf:timm/densenetblur121d.ra_in1k@3ba62c856db54283ec4884b6b622d9897eddccb5,1024,fitted,fitted,yes
dla102.in1k,32243888,hf:timm/dla102.in1k@6a26488598c084da4499265c6dfe7f5682c09cf5,1024,fitted,fitted,yes
dla102x.in1k,25284272,hf:timm/dla102x.in1k@f4a966022cceb5abfae2f7d2cf00a7b4597396ac,1024,fitted,fitted,yes
dla102x2.in1k,40257200,hf:timm/dla102x2.in1k@6972f7294f2e15599023e2ed5497851451792f0e,1024,fitted,fitted,yes
dla34.in1k,15229104,hf:timm/dla34.in1k@f9ff14eefc43f8ddd8064d09648bfdee690b0690,512,fitted,fitted,yes
dla46_c.in1k,1044400,hf:timm/dla46_c.in1k@1ebb49b9b11b8d1f75b73317328926ccd25efb7f,256,fitted,fitted,yes
dla46x_c.in1k,811440,hf:timm/dla46x_c.in1k@64e9f19841a976f2bae5481fdb05cf1662259c9c,256,fitted,fitted,yes
dla60.in1k,21011632,hf:timm/dla60.in1k@08433d0e0691efaaa7c1fb804d921c2aaabdea6e,1024,fitted,fitted,yes
dla60_res2net.in1k,19823072,hf:timm/dla60_res2net.in1k@83d6abe22888690a03c35412cb77cf431204af1f,1024,fitted,fitted,yes
dla60_res2next.in1k,16007984,hf:timm/dla60_res2next.in1k@7b05d2ed0de550970a52c07410951ff9847e208b,1024,fitted,fitted,yes
dla60x.in1k,16327344,hf:timm/dla60x.in1k@036c10f08ddaa7c6c8fec94128f6d64ee4d42e04,1024,fitted,fitted,yes
dla60x_c.in1k,1062832,hf:timm/dla60x_c.in1k@840a3e5eeb48c680dc820df0a40b08656d725b85,256,fitted,fitted,yes
dpn68.mx_in1k,11778602,hf:timm/dpn68.mx_in1k@e652eb27a553819f870f33ddd3ee03f6f701ecd8,832,fitted,fitted,yes
dpn68b.mx_in1k,11778602,hf:timm/dpn68b.mx_in1k@8247076b7d490f8c5169f9de60aa0487edcdcaed,832,fitted,fitted,yes
dpn68b.ra_in1k,11778602,hf:timm/dpn68b.ra_in1k@fb49a617159bd2a0d6099742a6c57ef2d884dad9,832,fitted,fitted,yes
dpn92.mx_in1k,34979392,hf:timm/dpn92.mx_in1k@8f2a71d2525254e14b0830a97250d841d5c4cae8,2688,fitted,fitted,yes
eca_nfnet_l0.ra2_in1k,21838924,hf:timm/eca_nfnet_l0.ra2_in1k@92ca71e65ae305c8ae31d3077a5040c482e87796,2304,fitted,fitted,yes
ecaresnet101d.miil_in1k,42519563,hf:timm/ecaresnet101d.miil_in1k@3276922432d0827568f3cdeba65877f6a823edd8,2048,fitted,fitted,yes
ecaresnet101d_pruned.miil_in1k,22833040,hf:timm/ecaresnet101d_pruned.miil_in1k@f9580dfd49fb35683af8c8969769e8e7037083a0,2042,fitted,fitted,yes
ecaresnet50d.miil_in1k,23527350,hf:timm/ecaresnet50d.miil_in1k@4efee002ab0e2c26b7a360115f079e96af5f26ab,2048,fitted,fitted,yes
ecaresnet50d_pruned.miil_in1k,17916713,hf:timm/ecaresnet50d_pruned.miil_in1k@db8599f79aaa46b7308b9108d7c7be815005f496,2022,fitted,fitted,yes
ecaresnet50t.a1_in1k,23524814,hf:timm/ecaresnet50t.a1_in1k@018a583ee04990d47ef911b79a2f6f5e1296be57,2048,fitted,fitted,yes
ecaresnet50t.a2_in1k,23524814,hf:timm/ecaresnet50t.a2_in1k@423ada53ae64522930bfdfee125570a6ac718db8,2048,fitted,fitted,yes
ecaresnetlight.miil_in1k,28113046,hf:timm/ecaresnetlight.miil_in1k@94c94fb99d32543d71a46834779c17dfa0d13f02,2048,fitted,fitted,yes
efficientformer_l1.snap_dist_in1k,12324249,hf:timm/efficientformer_l1.snap_dist_in1k@8738a58190800aaf5995f453b05f643df453a565,448,fitted,fitted,yes
efficientformer_l3.snap_dist_in1k,31474036,hf:timm/efficientformer_l3.snap_dist_in1k@ca929ef48f056232098ad9226a69e4c29a00cc46,512,fitted,fitted,yes
efficientformerv2_l.snap_dist_in1k,26518712,hf:timm/efficientformerv2_l.snap_dist_in1k@092a1c107ec0fdc2207a470f81c696022f17a42e,384,fitted,fitted,yes
efficientformerv2_s0.snap_dist_in1k,3649568,hf:timm/efficientformerv2_s0.snap_dist_in1k@aa226e91a076e760bc7957e5990f19f6ae322c5f,176,fitted,fitted,yes
efficientformerv2_s1.snap_dist_in1k,6256472,hf:timm/efficientformerv2_s1.snap_dist_in1k@0c1fc60a0e89b6309d9de451cdacc11ac0a8b987,224,fitted,fitted,yes
efficientformerv2_s2.snap_dist_in1k,12831904,hf:timm/efficientformerv2_s2.snap_dist_in1k@1c56a76355000c79568559d34ba3fa24416b5107,288,fitted,fitted,yes
efficientnet_b0.ra4_e3600_r224_in1k,4007548,hf:timm/efficientnet_b0.ra4_e3600_r224_in1k@1efd3beedccfd00f9de56a5875041a709f3058e2,1280,excluded: non-finite features,excluded: non-finite features,no
efficientnet_b0.ra_in1k,4007548,hf:timm/efficientnet_b0.ra_in1k@1b5383e5f79cc0f7fc067e372f8f26a5fa73f26a,1280,fitted,fitted,yes
efficientnet_b1.ft_in1k,6513184,hf:timm/efficientnet_b1.ft_in1k@1d6ddfd0ad535646fdb05bc3834913d93816152e,1280,fitted,fitted,yes
efficientnet_es.ra_in1k,4157392,hf:timm/efficientnet_es.ra_in1k@64e5e14f0b04fbf84d2df29b131ee3f2e3feb2f3,1280,fitted,fitted,yes
efficientnet_es_pruned.in1k,4157392,hf:timm/efficientnet_es_pruned.in1k@d93f19dc2c67a81d5eaca1d9a21ca682dd888fa5,1280,fitted,fitted,yes
efficientnet_lite0.ra_in1k,3371008,hf:timm/efficientnet_lite0.ra_in1k@29046ba6cc39eacfd5c7e6ffc1ae6188cfaa7609,1280,fitted,fitted,yes
efficientnetv2_rw_t.ra2_in1k,12624388,hf:timm/efficientnetv2_rw_t.ra2_in1k@da18289a19c30d0a63910aefbdbc4569e2988221,1024,fitted,fitted,yes
efficientvit_b0.r224_in1k,2129008,hf:timm/efficientvit_b0.r224_in1k@4844777adc2285905eeb022672ba81620b52bd0c,1280,fitted,fitted,yes
efficientvit_b1.r224_in1k,7501024,hf:timm/efficientvit_b1.r224_in1k@cebc58510738e196c3cce3c3077dc8737973b7ba,1600,fitted,fitted,yes
efficientvit_b2.r224_in1k,21769712,hf:timm/efficientvit_b2.r224_in1k@c39d51d0020345e6b6003417e602025b0b26a940,2560,fitted,fitted,yes
efficientvit_b3.r224_in1k,46085056,hf:timm/efficientvit_b3.r224_in1k@5ad07d615d3c3153246a0c227539dff349bb343c,2560,fitted,fitted,yes
efficientvit_l1.r224_in1k,49453088,hf:timm/efficientvit_l1.r224_in1k@8bb6be97d5b0222f9ad60cd441c0798f0e567e26,3200,fitted,fitted,yes
efficientvit_m0.r224_in1k,2156052,hf:timm/efficientvit_m0.r224_in1k@dae91a2aabae537136bac735d77172b7e86c428a,192,fitted,fitted,yes
efficientvit_m1.r224_in1k,2787176,hf:timm/efficientvit_m1.r224_in1k@3eb7c23bd3b21175f34277f3fa39e3596c31b660,192,fitted,fitted,yes
efficientvit_m2.r224_in1k,3962106,hf:timm/efficientvit_m2.r224_in1k@f8b4f12220f55c2ea95fd81cde848ac5612ea4be,224,fitted,fitted,yes
efficientvit_m3.r224_in1k,6579082,hf:timm/efficientvit_m3.r224_in1k@9e6613643bedb7bd2432251bb71a00bdc47f9895,320,fitted,fitted,yes
efficientvit_m4.r224_in1k,8418460,hf:timm/efficientvit_m4.r224_in1k@d01bf2f8f4ba19460abe37e36f02f029a611536b,384,fitted,fitted,yes
efficientvit_m5.r224_in1k,12088004,hf:timm/efficientvit_m5.r224_in1k@e45d80f65cd8ef0964ab526dd4f8025abbff4e19,384,fitted,fitted,yes
ese_vovnet19b_dw.ra_in1k,5518080,hf:timm/ese_vovnet19b_dw.ra_in1k@39808ce845d469f0f39299fdde40a2ef4a406268,1024,fitted,fitted,yes
ese_vovnet39b.ra_in1k,23543936,hf:timm/ese_vovnet39b.ra_in1k@98a889ca99d2a57eb281475172121cc2c1c7ca9a,1024,fitted,fitted,yes
eva02_small_patch14_224.mim_in22k,21621120,hf:timm/eva02_small_patch14_224.mim_in22k@79c7d4274f6dbf202549d8f976ae24eeaf97e5ad,384,fitted,fitted,yes
eva02_tiny_patch14_224.mim_in22k,5502144,hf:timm/eva02_tiny_patch14_224.mim_in22k@e0a5e8afdf15429e356b1670af2850445a649f7a,192,fitted,fitted,yes
fasternet_s.in1k,29900032,hf:timm/fasternet_s.in1k@8c427163d414879c948337c43795c7fd60aec2c4,1280,fitted,fitted,yes
fasternet_t0.in1k,2624500,hf:timm/fasternet_t0.in1k@a8c465730c7896ba51d860a6e384fad94e7cfb44,1280,fitted,fitted,yes
fasternet_t1.in1k,6314368,hf:timm/fasternet_t1.in1k@2c27a878042ecd9de0c2f045fbf8169704f9aae6,1280,fitted,fitted,yes
fasternet_t2.in1k,13701888,hf:timm/fasternet_t2.in1k@945917af83878941c27f52a011f4340824fc4f41,1280,fitted,fitted,yes
fbnetc_100.rmsp_in1k,3587200,hf:timm/fbnetc_100.rmsp_in1k@d48d5c1d41488815cf985be3aebeb2641f5ca280,1984,fitted,fitted,yes
fbnetv3_b.ra2_in1k,6613464,hf:timm/fbnetv3_b.ra2_in1k@41fc9b427ca1b8a2293e1e79b54ccd30b22bc536,1984,fitted,fitted,yes
fbnetv3_d.ra2_in1k,8321272,hf:timm/fbnetv3_d.ra2_in1k@33f33f6b71b806083da741b5cb0d3474c89d8b54,1984,fitted,fitted,yes
focalnet_small_lrf.ms_in1k,49573440,hf:timm/focalnet_small_lrf.ms_in1k@a9af55956d663231100b8c94f706bc4aff5cc6a6,768,fitted,fitted,yes
focalnet_small_srf.ms_in1k,49122216,hf:timm/focalnet_small_srf.ms_in1k@b28c810d193a2aabc3deeaa32a8376f2f407aed7,768,fitted,fitted,yes
focalnet_tiny_lrf.ms_in1k,27878928,hf:timm/focalnet_tiny_lrf.ms_in1k@aaf172fa2a82e03b7eda120dd1050448e87a67f1,768,fitted,fitted,yes
focalnet_tiny_srf.ms_in1k,27658116,hf:timm/focalnet_tiny_srf.ms_in1k@de75c3a73e9ed84fee554a7138d4bac119751645,768,fitted,fitted,yes
gc_efficientnetv2_rw_t.agc_in1k,12652713,hf:timm/gc_efficientnetv2_rw_t.agc_in1k@58c5acd46961e8dc82f4565b4b0c9d98b61bc7bc,1024,fitted,fitted,yes
gcvit_tiny.in1k,27708974,url:https://github.com/rwightman/pytorch-image-models/releases/download/v0.1-weights-morevit/gcvit_tiny_224_nvidia-ac783954.pth,512,fitted,fitted,yes
gcvit_xtiny.in1k,19468294,url:https://github.com/rwightman/pytorch-image-models/releases/download/v0.1-weights-morevit/gcvit_xtiny_224_nvidia-274b92b7.pth,512,fitted,fitted,yes
gcvit_xxtiny.in1k,11482428,url:https://github.com/rwightman/pytorch-image-models/releases/download/v0.1-weights-morevit/gcvit_xxtiny_224_nvidia-d1d86009.pth,512,fitted,fitted,yes
gernet_m.idstcv_in1k,18581920,hf:timm/gernet_m.idstcv_in1k@bcaff2f2ba7f30619706295275cb50f573cb5647,2560,fitted,fitted,yes
gernet_s.idstcv_in1k,6252761,hf:timm/gernet_s.idstcv_in1k@f07782a90ed90f4108204acbcd8cd0c156419b97,1920,fitted,fitted,yes
ghostnet_100.in1k,3901508,hf:timm/ghostnet_100.in1k@e524c2ee5d5a9412f802ce38ff895aba07b30910,1280,fitted,fitted,yes
ghostnetv2_100.in1k,4875908,hf:timm/ghostnetv2_100.in1k@3e3d01b9fc8b45425af4a4e800575849f6cdbf38,1280,fitted,fitted,yes
ghostnetv2_130.in1k,7679404,hf:timm/ghostnetv2_130.in1k@69dddeed1be72f9a4dc278fcce362c9665d78e57,1280,fitted,fitted,yes
ghostnetv2_160.in1k,11111698,hf:timm/ghostnetv2_160.in1k@2137db49b5a4f7120bfe4d5eb24dd49aa3f5089c,1280,fitted,fitted,yes
ghostnetv3_100.in1k,6848028,hf:timm/ghostnetv3_100.in1k@3a3d4fd9740b836f9077eabf175eee487730a6b4,1280,fitted,fitted,yes
gmixer_24_224.ra3_in1k,24336096,hf:timm/gmixer_24_224.ra3_in1k@6952bb2208f4c161aa20fff647672784d5c01ecd,384,fitted,fitted,yes
gmlp_s16_224.ra3_in1k,19165656,hf:timm/gmlp_s16_224.ra3_in1k@ef4294efcbaed5fb374565716d9e08e4ed69a6d8,256,fitted,fitted,yes
haloregnetz_b.ra3_in1k,10143072,hf:timm/haloregnetz_b.ra3_in1k@2cb7e072eb673905848b8d8a61c6229393033eb9,1536,fitted,fitted,yes
hardcorenas_a.miil_green_in1k,3979232,hf:timm/hardcorenas_a.miil_green_in1k@8043f94dc3f54de7662abf53696ce29a9bb811be,1280,fitted,fitted,yes
hardcorenas_b.miil_green_in1k,3895544,hf:timm/hardcorenas_b.miil_green_in1k@5614162f9b783344e54542b5cdcaf31487134b63,1280,fitted,fitted,yes
hardcorenas_c.miil_green_in1k,4240224,hf:timm/hardcorenas_c.miil_green_in1k@52d975d01bcc32ff5659c9789bd35103f447ba71,1280,fitted,fitted,yes
hardcorenas_d.miil_green_in1k,6219208,hf:timm/hardcorenas_d.miil_green_in1k@6100bd03c505711a60eb632332b36bfe7c34393d,1280,fitted,fitted,yes
hardcorenas_e.miil_green_in1k,6789992,hf:timm/hardcorenas_e.miil_green_in1k@63c43481f5249866ee8f6bb5b65c216c52e5667e,1280,fitted,fitted,yes
hardcorenas_f.miil_green_in1k,6918688,hf:timm/hardcorenas_f.miil_green_in1k@882ea579f7897525c2680c1737c2da09f7d5134f,1280,fitted,fitted,yes
hgnet_small.paddle_in1k,22311872,hf:timm/hgnet_small.paddle_in1k@d46881794492092c6d02e15239b4808667aaa44d,2048,fitted,fitted,yes
hgnet_small.ssld_in1k,22311872,hf:timm/hgnet_small.ssld_in1k@7798e2c0b20e6ff0083d4ddbb0eb58136ad20fc0,2048,fitted,fitted,yes
hgnet_tiny.paddle_in1k,12686864,hf:timm/hgnet_tiny.paddle_in1k@a0b73ee0f1909faf4c4ffc5d1b480a4e0c42b834,2048,fitted,fitted,yes
hgnet_tiny.ssld_in1k,12686864,hf:timm/hgnet_tiny.ssld_in1k@60fd3a062040c894f9dd75dfc1887843b71ab8ef,2048,fitted,fitted,yes
hgnetv2_b0.ssld_stage1_in22k_in1k,3947550,hf:timm/hgnetv2_b0.ssld_stage1_in22k_in1k@2f32985d843b1e415572adb1694056db376b76c6,2048,fitted,fitted,yes
hgnetv2_b0.ssld_stage2_ft_in1k,3947550,hf:timm/hgnetv2_b0.ssld_stage2_ft_in1k@9e0a904b210d65e4fcd6582f8ca6e0921fac2650,2048,fitted,fitted,yes
hgnetv2_b1.ssld_stage1_in22k_in1k,4294158,hf:timm/hgnetv2_b1.ssld_stage1_in22k_in1k@75684d861ca3dd83f7b716b52ca98dadf64974fe,2048,fitted,fitted,yes
hgnetv2_b1.ssld_stage2_ft_in1k,4294158,hf:timm/hgnetv2_b1.ssld_stage2_ft_in1k@ec7014d7f1d0dd1ea2bf3012bc51dc95c5919fd2,2048,fitted,fitted,yes
hgnetv2_b2.ssld_stage1_in22k_in1k,9172356,hf:timm/hgnetv2_b2.ssld_stage1_in22k_in1k@ec245618ee9d16842e7241e97b52492221cfab69,2048,fitted,fitted,yes
hgnetv2_b2.ssld_stage2_ft_in1k,9172356,hf:timm/hgnetv2_b2.ssld_stage2_ft_in1k@7a3092bc87118c7974bb9000b1eb6d9c560f8f75,2048,fitted,fitted,yes
hgnetv2_b3.ssld_stage1_in22k_in1k,14243216,hf:timm/hgnetv2_b3.ssld_stage1_in22k_in1k@78318d14509b60bd196299016fd7d1bbdd9d8a44,2048,fitted,fitted,yes
hgnetv2_b3.ssld_stage2_ft_in1k,14243216,hf:timm/hgnetv2_b3.ssld_stage2_ft_in1k@1aac877b3ea55ab0f06d57cad9889d1e601bd472,2048,fitted,fitted,yes
hgnetv2_b4.ssld_stage1_in22k_in1k,17747680,hf:timm/hgnetv2_b4.ssld_stage1_in22k_in1k@99930c47c7d4261a6e4b0ff80d4d287e2e2bac0b,2048,fitted,fitted,yes
hgnetv2_b4.ssld_stage2_ft_in1k,17747680,hf:timm/hgnetv2_b4.ssld_stage2_ft_in1k@3c808d9d9d9873ed5e37b00509ba2a4882e816e8,2048,fitted,fitted,yes
hgnetv2_b5.ssld_stage1_in22k_in1k,37520064,hf:timm/hgnetv2_b5.ssld_stage1_in22k_in1k@fac22d94361db307405ea891df1e2955e77f4955,2048,fitted,fitted,yes
hgnetv2_b5.ssld_stage2_ft_in1k,37520064,hf:timm/hgnetv2_b5.ssld_stage2_ft_in1k@1321384995445be1032080fb612996dcf7c5fc81,2048,fitted,fitted,yes
hiera_small_224.mae,34239072,hf:timm/hiera_small_224.mae@d5b6756fb327f25668f935b45b452b39cd3d488c,768,fitted,fitted,yes
hiera_small_224.mae_in1k_ft_in1k,34239072,hf:timm/hiera_small_224.mae_in1k_ft_in1k@60952f7402ea75b1ecaa4da95460a9be11295645,768,fitted,fitted,yes
hiera_tiny_224.mae,27141216,hf:timm/hiera_tiny_224.mae@69014bfdca91d0ad0b919bf6080cef45f39c3866,768,fitted,fitted,yes
hiera_tiny_224.mae_in1k_ft_in1k,27141216,hf:timm/hiera_tiny_224.mae_in1k_ft_in1k@fc9ede1b26f3f35d11b269f12656dded630a6c96,768,fitted,fitted,yes
hrnet_w18.ms_aug_in1k,19250004,hf:timm/hrnet_w18.ms_aug_in1k@7e2c5583769f54514fd87e3ba9de408e33eaba0f,2048,fitted,fitted,yes
hrnet_w18.ms_in1k,19250004,hf:timm/hrnet_w18.ms_in1k@8eba8351aef354890f4b6a260df1a2c014798cbd,2048,fitted,fitted,yes
hrnet_w18_small.gluon_in1k,11138464,hf:timm/hrnet_w18_small.gluon_in1k@4e9b9a3974e2927bd0c99b8b2a8ba64bb8dca88e,2048,fitted,fitted,yes
hrnet_w18_small.ms_in1k,11138464,hf:timm/hrnet_w18_small.ms_in1k@6a029346fbc2052864332fa41322395da682cc0d,2048,fitted,fitted,yes
hrnet_w18_small_v2.gluon_in1k,13548464,hf:timm/hrnet_w18_small_v2.gluon_in1k@8c7f846d1b5e698984dfdce919128c26a6883546,2048,fitted,fitted,yes
hrnet_w18_small_v2.ms_in1k,13548464,hf:timm/hrnet_w18_small_v2.ms_in1k@bd1000d6177cb20b3ae43d29524816bbf6c378e3,2048,fitted,fitted,yes
hrnet_w18_ssld.paddle_in1k,19246164,hf:timm/hrnet_w18_ssld.paddle_in1k@d4411b9dcfac6eb1906bd172e337391e38c11df3,2048,fitted,fitted,yes
hrnet_w30.ms_in1k,35663220,hf:timm/hrnet_w30.ms_in1k@c4012ab3b57b3931fd7061cbdf744117943088fb,2048,fitted,fitted,yes
hrnet_w32.ms_in1k,39183680,hf:timm/hrnet_w32.ms_in1k@9093cb96558ecab21907c780034b3ad0a8be72ea,2048,fitted,fitted,yes
inception_next_atto.sail_in1k,3195520,hf:timm/inception_next_atto.sail_in1k@d79f26b381e52c062e12db54282735e36c3110cf,960,fitted,fitted,yes
inception_next_small.sail_in1k,47069016,hf:timm/inception_next_small.sail_in1k@2a817c46d6aab41ffbeae4002e2828787d8c40da,2304,fitted,fitted,yes
inception_next_tiny.sail_in1k,25750680,hf:timm/inception_next_tiny.sail_in1k@496ad26c3181b7dc13e043fa34593b1acf1f6dc1,2304,fitted,fitted,yes
lcnet_050.ra2_in1k,599856,hf:timm/lcnet_050.ra2_in1k@7d724d70bd001f453d812e733aa9b1931a69f6c2,1280,fitted,fitted,yes
lcnet_075.ra2_in1k,1077288,hf:timm/lcnet_075.ra2_in1k@ee7bfde9784203148569fe045e0a19379535066c,1280,fitted,fitted,yes
lcnet_100.ra2_in1k,1672800,hf:timm/lcnet_100.ra2_in1k@3a2ceedadb0ace67bcbfb840a64caeb044dc8008,1280,fitted,fitted,yes
legacy_seresnet101.in1k,47277872,url:https://github.com/rwightman/pytorch-image-models/releases/download/v0.1-cadene/se_resnet101-7e38fcc6.pth,2048,fitted,fitted,yes
legacy_seresnet18.in1k,11265592,url:https://github.com/rwightman/pytorch-image-models/releases/download/v0.1-weights/seresnet18-4bb0ce65.pth,512,fitted,fitted,yes
legacy_seresnet34.in1k,21445868,url:https://github.com/rwightman/pytorch-image-models/releases/download/v0.1-weights/seresnet34-a4004e63.pth,512,fitted,fitted,yes
legacy_seresnet50.in1k,26039024,url:https://github.com/rwightman/pytorch-image-models/releases/download/v0.1-cadene/se_resnet50-ce0d4300.pth,2048,fitted,fitted,yes
legacy_seresnext101_32x4d.in1k,46906416,url:https://github.com/rwightman/pytorch-image-models/releases/download/v0.1-weights/legacy_se_resnext101_32x4d-37725eac.pth,2048,fitted,fitted,yes
legacy_seresnext26_32x4d.in1k,14741280,url:https://github.com/rwightman/pytorch-image-models/releases/download/v0.1-weights/seresnext26_32x4d-65ebdb501.pth,2048,fitted,fitted,yes
legacy_seresnext50_32x4d.in1k,25510896,url:https://github.com/rwightman/pytorch-image-models/releases/download/v0.1-weights/legacy_se_resnext50_32x4d-f3651bad.pth,2048,fitted,fitted,yes
levit_128.fb_dist_in1k,9262544,hf:timm/levit_128.fb_dist_in1k@82df4ceee351596849f63d81ab2559a7b1a50e14,384,fitted,fitted,yes
levit_128s.fb_dist_in1k,7816706,hf:timm/levit_128s.fb_dist_in1k@ff86cd4479c83f857075f614ddf7e093dbf1292f,384,fitted,fitted,yes
levit_192.fb_dist_in1k,11002445,hf:timm/levit_192.fb_dist_in1k@5e0d76d89627c30d9f408c2fa1d2170a6872980d,384,fitted,fitted,yes
levit_256.fb_dist_in1k,18967028,hf:timm/levit_256.fb_dist_in1k@87c966b99bdd7099f6477a040f661c8a06df2763,512,fitted,fitted,yes
levit_384.fb_dist_in1k,39235236,hf:timm/levit_384.fb_dist_in1k@3c67cbe99351ef552e32d867c9441eaac8ebec4d,768,fitted,fitted,yes
levit_conv_128.fb_dist_in1k,9262544,hf:timm/levit_conv_128.fb_dist_in1k@023f9f03bbdb5a3aadba350994dbfdd0b3796ec7,384,fitted,fitted,yes
levit_conv_128s.fb_dist_in1k,7816706,hf:timm/levit_conv_128s.fb_dist_in1k@34b870610415632220a0c2dcbda111fa29286b27,384,fitted,fitted,yes
levit_conv_192.fb_dist_in1k,11002445,hf:timm/levit_conv_192.fb_dist_in1k@e10c6e34e7da1d805f15564ba229b45ab45ef94f,384,fitted,fitted,yes
levit_conv_256.fb_dist_in1k,18967028,hf:timm/levit_conv_256.fb_dist_in1k@afaf1eac4c412fae340c171f731b7254cf819633,512,fitted,fitted,yes
levit_conv_384.fb_dist_in1k,39235236,hf:timm/levit_conv_384.fb_dist_in1k@5cb483ba35cd5f9dd3fb92380e651fe8fabc57b9,768,fitted,fitted,yes
mambaout_femto.in1k,6151536,hf:timm/mambaout_femto.in1k@087b23df0cb215bddb6bf6115a1c587c88c22d1b,1152,fitted,fitted,yes
mambaout_kobe.in1k,7988208,hf:timm/mambaout_kobe.in1k@c028fe272e7b65209987ba686a370dc87f45ef3c,1152,fitted,fitted,yes
mambaout_small.in1k,46183072,hf:timm/mambaout_small.in1k@6dab12890168444e9e114f91ccf8b568b73f7228,2304,fitted,fitted,yes
mambaout_small_rw.sw_e450_in1k,46190560,hf:timm/mambaout_small_rw.sw_e450_in1k@cffff4a64f94b729cd542639e884b2ae1d787d65,2304,fitted,fitted,yes
mambaout_tiny.in1k,24240096,hf:timm/mambaout_tiny.in1k@d080941663a60c42d015ecf8d8fad86d12694208,2304,fitted,fitted,yes
maxvit_tiny_rw_224.sw_in1k,28544312,hf:timm/maxvit_tiny_rw_224.sw_in1k@3d2ab43e90681bf24f8fed72d944600d69612d9f,512,fitted,fitted,yes
maxvit_tiny_tf_224.in1k,30403528,hf:timm/maxvit_tiny_tf_224.in1k@041f2cce4d74c7539d63aa9fb85786e78072d487,512,fitted,fitted,yes
mixnet_l.ft_in1k,5792252,hf:timm/mixnet_l.ft_in1k@fac2d620f00998711ba2b8c4f2f83424d5345f29,1536,fitted,fitted,yes
mixnet_m.ft_in1k,3477382,hf:timm/mixnet_m.ft_in1k@166620e8435426cc923be308e66c73e2d46d28e9,1536,fitted,fitted,yes
mixnet_s.ft_in1k,2597606,hf:timm/mixnet_s.ft_in1k@94149f6f14da590e98eeaa4dd9867b97a23bd3f4,1536,fitted,fitted,yes
mixnet_xl.ra_in1k,10359768,hf:timm/mixnet_xl.ra_in1k@0e7cf42cdcac75cd71bc91cf51a1617d9ec82988,1536,fitted,fitted,yes
mnasnet_100.rmsp_in1k,3102312,hf:timm/mnasnet_100.rmsp_in1k@a30af72360c7a4871b0156cc11d7b767208273d7,1280,fitted,fitted,yes
mnasnet_small.lamb_in1k,749264,hf:timm/mnasnet_small.lamb_in1k@20e552659bdf3f4535e15f3caa211edac21fceea,1280,fitted,fitted,yes
mobilenet_edgetpu_v2_m.ra4_e3600_r224_in1k,7117888,hf:timm/mobilenet_edgetpu_v2_m.ra4_e3600_r224_in1k@cc85d63502632dc168d9472cd6af9f733fb01b17,1344,fitted,fitted,yes
mobilenetv1_100.ra4_e3600_r224_in1k,3206976,hf:timm/mobilenetv1_100.ra4_e3600_r224_in1k@6e88b523abded44469eafcd52f7832d5e0300b1b,1024,fitted,fitted,yes
mobilenetv1_100h.ra4_e3600_r224_in1k,4257600,hf:timm/mobilenetv1_100h.ra4_e3600_r224_in1k@94b122ed0df363ee0f8987d478fd117bfda68422,1024,fitted,fitted,yes
mobilenetv1_125.ra4_e3600_r224_in1k,4989840,hf:timm/mobilenetv1_125.ra4_e3600_r224_in1k@9e2b4f9a089f39eaf59cb38fb5d595f4d78c8064,1280,fitted,fitted,yes
mobilenetv2_050.lamb_in1k,687680,hf:timm/mobilenetv2_050.lamb_in1k@8990230b131c231ad38b217b23cf9d2e7e70e8d0,1280,fitted,fitted,yes
mobilenetv2_100.ra_in1k,2223872,hf:timm/mobilenetv2_100.ra_in1k@5afa12513b048c79b9147a5d210e9bdc50035481,1280,fitted,fitted,yes
mobilenetv2_110d.ra_in1k,3235520,hf:timm/mobilenetv2_110d.ra_in1k@143925e3675a13f37d417cde6e73a39a04d81dcd,1280,fitted,fitted,yes
mobilenetv2_120d.ra_in1k,4550144,hf:timm/mobilenetv2_120d.ra_in1k@3e70fb071e6567f136c48aabf1b45eb071b5d471,1280,fitted,fitted,yes
mobilenetv2_140.ra_in1k,4315776,hf:timm/mobilenetv2_140.ra_in1k@008fa2eb59c0080738c65898a7666059e11c0a75,1792,fitted,fitted,yes
mobilenetv3_large_100.miil_in21k,4202032,hf:timm/mobilenetv3_large_100.miil_in21k@0321b630dfd794270d7bb9ed39962a6b1f09ab20,1280,fitted,fitted,yes
mobilenetv3_large_100.miil_in21k_ft_in1k,4202032,hf:timm/mobilenetv3_large_100.miil_in21k_ft_in1k@91e39c3e2281e5d72963d2d3fc29029040c4644f,1280,fitted,excluded: non-finite features,no
mobilenetv3_large_100.ra4_e3600_r224_in1k,4202032,hf:timm/mobilenetv3_large_100.ra4_e3600_r224_in1k@26a545b7c557e54fa13caff7e76da391f6bcbc1a,1280,excluded: non-finite features,fitted,no
mobilenetv3_large_100.ra_in1k,5507432,hf:timm/mobilenetv3_large_100.ra_in1k@96f46a1c52932f27492dff66c72378eb99b443a7,1280,fitted,fitted,yes
mobilenetv3_rw.rmsp_in1k,4198918,hf:timm/mobilenetv3_rw.rmsp_in1k@d29d2e0bdcc626b1bc989aba56d45bab17eb2275,1280,fitted,fitted,yes
mobilenetv3_small_050.lamb_in1k,568224,hf:timm/mobilenetv3_small_050.lamb_in1k@5188129022623c1fd7e36401459eda145a81d7e9,1024,fitted,fitted,yes
mobilenetv3_small_075.lamb_in1k,1016872,hf:timm/mobilenetv3_small_075.lamb_in1k@fa65a043c25690a5779ff856052a5ae55ec03eda,1024,fitted,fitted,yes
mobilenetv3_small_100.lamb_in1k,1517856,hf:timm/mobilenetv3_small_100.lamb_in1k@1824797e7887cbec1990e4adbd6675960a36c589,1024,fitted,fitted,yes
mobilenetv4_conv_blur_medium.e500_r224_in1k,8434512,hf:timm/mobilenetv4_conv_blur_medium.e500_r224_in1k@cba2cf973d7f50e3c7467ec018605e4c834bf5d7,1280,fitted,fitted,yes
mobilenetv4_conv_medium.e500_r224_in1k,8434512,hf:timm/mobilenetv4_conv_medium.e500_r224_in1k@02a09fbfb82b289e871ba8255f9da58c056fb13b,1280,fitted,fitted,yes
mobilenetv4_conv_small.e1200_r224_in1k,2493024,hf:timm/mobilenetv4_conv_small.e1200_r224_in1k@c9f31ac64483d7f0590db9edccb4418392a96eea,1280,fitted,fitted,yes
mobilenetv4_conv_small.e2400_r224_in1k,2493024,hf:timm/mobilenetv4_conv_small.e2400_r224_in1k@331fb803779522b685cf942e15f914fb6741c1eb,1280,fitted,fitted,yes
mobilenetv4_conv_small_050.e3000_r224_in1k,957952,hf:timm/mobilenetv4_conv_small_050.e3000_r224_in1k@0ca27fbda87631d17b5a3d348af8e6b150dd9282,1280,fitted,fitted,yes
mobilenetv4_hybrid_medium.e500_r224_in1k,9793648,hf:timm/mobilenetv4_hybrid_medium.e500_r224_in1k@1c009cc8df7c61fdf96c43b2fa60d8ccc4c5ec8f,1280,fitted,fitted,yes
mobileone_s0.apple_in1k,4268272,hf:timm/mobileone_s0.apple_in1k@2f1da1a4433b0636bace873cab611c9ee90d40de,1024,fitted,fitted,yes
mobileone_s1.apple_in1k,3544192,hf:timm/mobileone_s1.apple_in1k@c4a13fe645a42cbb683439dfb1934c815155f2a0,1280,fitted,fitted,yes
mobileone_s2.apple_in1k,5835648,hf:timm/mobileone_s2.apple_in1k@0cd6548c311753d2dd525d414c22fce35738264c,2048,fitted,fitted,yes
mobileone_s3.apple_in1k,8121600,hf:timm/mobileone_s3.apple_in1k@29a687f5d735adb9ee23667dce14b60e8eaa6e88,2048,fitted,fitted,yes
mobileone_s4.apple_in1k,12902248,hf:timm/mobileone_s4.apple_in1k@f4dfe4c260ea8d7d07ac6c06042fe254efdd329a,2048,fitted,fitted,yes
mvitv2_small.fb_in1k,34101216,hf:timm/mvitv2_small.fb_in1k@df6d43e7c5e7502185711b77e66a7b9fb438d9da,768,fitted,fitted,yes
mvitv2_tiny.fb_in1k,23404320,hf:timm/mvitv2_tiny.fb_in1k@1610625231dc9186521dd80f5196085f22cc6bd5,768,fitted,fitted,yes
nest_small_jx.goog_in1k,37966176,hf:timm/nest_small_jx.goog_in1k@db6aa04f1435ea75ed75f39d9e4bc28978fe748d,384,fitted,fitted,yes
nest_tiny_jx.goog_in1k,16672608,hf:timm/nest_tiny_jx.goog_in1k@1eeb506c4fc4255c6be63da78d24faa66102bc10,384,fitted,fitted,yes
nextvit_base.bd_in1k,43793856,hf:timm/nextvit_base.bd_in1k@db436040e9cab19039fdd2445d82483b76b1c164,1024,fitted,fitted,yes
nextvit_base.bd_ssld_6m_in1k,43793856,hf:timm/nextvit_base.bd_ssld_6m_in1k@fbfebc0eafe651d376ec3e33a5065068540a9cc7,1024,fitted,fitted,yes
nextvit_small.bd_in1k,30738368,hf:timm/nextvit_small.bd_in1k@2231c20c68135c68414034deabddaadbdaa77c50,1024,fitted,fitted,yes
nextvit_small.bd_ssld_6m_in1k,30738368,hf:timm/nextvit_small.bd_ssld_6m_in1k@e4c64d9259074890e4161b013772271b73a1fc3b,1024,fitted,fitted,yes
nfnet_l0.ra2_in1k,32769488,hf:timm/nfnet_l0.ra2_in1k@caf266b27d9f5b05b87bffd0fba0207b45dd86ec,2304,fitted,fitted,yes
pit_s_224.in1k,22884912,hf:timm/pit_s_224.in1k@892ee68e2c91efb3361625202643cfc881a8bf0a,,excluded: timm build failure (AssertionError building the pooled headless encoder),excluded: timm build failure (AssertionError building the pooled headless encoder),no
pit_s_distilled_224.in1k,22885056,hf:timm/pit_s_distilled_224.in1k@d5eef652d569b99f04afd93d948897ed05b86dc2,,excluded: timm build failure (AssertionError building the pooled headless encoder),excluded: timm build failure (AssertionError building the pooled headless encoder),no
pit_ti_224.in1k,4590272,hf:timm/pit_ti_224.in1k@c04b525c26f6d380afc7d0935095d9954bcd240b,,excluded: timm build failure (AssertionError building the pooled headless encoder),excluded: timm build failure (AssertionError building the pooled headless encoder),no
pit_ti_distilled_224.in1k,4590336,hf:timm/pit_ti_distilled_224.in1k@3c4bd6727e71d6408df633ed432f01cb7d42b3ef,,excluded: timm build failure (AssertionError building the pooled headless encoder),excluded: timm build failure (AssertionError building the pooled headless encoder),no
pit_xs_224.in1k,10233888,hf:timm/pit_xs_224.in1k@33603125c518049491c5a72adae8b58e0a640ca8,,excluded: timm build failure (AssertionError building the pooled headless encoder),excluded: timm build failure (AssertionError building the pooled headless encoder),no
pit_xs_distilled_224.in1k,10233984,hf:timm/pit_xs_distilled_224.in1k@c97dba220fb560b1e861beb3933611370d4c1676,,excluded: timm build failure (AssertionError building the pooled headless encoder),excluded: timm build failure (AssertionError building the pooled headless encoder),no
poolformer_s12.sail_in1k,11402176,hf:timm/poolformer_s12.sail_in1k@7f922b14752901f7a3c6be4a9c2fc058dc4f1a12,512,fitted,fitted,yes
poolformer_s24.sail_in1k,20875968,hf:timm/poolformer_s24.sail_in1k@65bacad25266fc8db767310b1cae7a5e88164953,512,fitted,fitted,yes
poolformer_s36.sail_in1k,30349760,hf:timm/poolformer_s36.sail_in1k@a24048f08657fb0800b5cd7a2455933f919f2802,512,fitted,fitted,yes
poolformerv2_s12.sail_in1k,11378712,hf:timm/poolformerv2_s12.sail_in1k@0cc8631ab60a1c10553a24ae574d8ec8b717ea0f,512,fitted,fitted,yes
poolformerv2_s24.sail_in1k,20828464,hf:timm/poolformerv2_s24.sail_in1k@c90dab7b6ff1d65e35ec5522312580a4cbe74b37,512,fitted,fitted,yes
poolformerv2_s36.sail_in1k,30278216,hf:timm/poolformerv2_s36.sail_in1k@aebefe4f45e7d6b3569290abac5c3f1a7be72cc4,512,fitted,fitted,yes
pvt_v2_b0.in1k,3409760,hf:timm/pvt_v2_b0.in1k@05b6ee72c4090dfd6e0b95a73db6e20cd1e75e9f,256,fitted,fitted,yes
pvt_v2_b1.in1k,13496000,hf:timm/pvt_v2_b1.in1k@af9db349b1872bcc4eb22d12603906ac4fca9957,512,fitted,fitted,yes
pvt_v2_b2.in1k,24849856,hf:timm/pvt_v2_b2.in1k@8dca9e485d6a3cb612437d39e3c2f4295d96bede,512,fitted,fitted,yes
pvt_v2_b2_li.in1k,22040512,hf:timm/pvt_v2_b2_li.in1k@793ef3b5039691002fbc189bf8354103a1ecae13,512,fitted,fitted,yes
pvt_v2_b3.in1k,44725696,hf:timm/pvt_v2_b3.in1k@59b94c7640dc6909b443d04de53f830dd27c14f3,512,fitted,fitted,yes
rdnet_small.nv_in1k,49171448,hf:naver-ai/rdnet_small.nv_in1k@821385d0bf98ff1f91494e89761cbb6568c5ae3c,1264,fitted,fitted,yes
rdnet_tiny.nv_in1k,22822008,hf:naver-ai/rdnet_tiny.nv_in1k@c720d1a5fa063e3a08dda851bae242f2032d742d,1040,fitted,fitted,yes
regnetv_040.ra3_in1k,19551640,hf:timm/regnetv_040.ra3_in1k@eb50fdba03a04ece175083157994ee2e44010df5,1088,fitted,fitted,yes
regnetv_064.ra3_in1k,29279052,hf:timm/regnetv_064.ra3_in1k@804163d8b85a23709590cc470866571c5cef5305,1296,fitted,fitted,yes
regnetx_002.pycls_in1k,2315792,hf:timm/regnetx_002.pycls_in1k@2e9ff4c4c1b7aaf0326ab5903602ecf32d2c06e2,368,fitted,fitted,yes
regnetx_004.pycls_in1k,4772512,hf:timm/regnetx_004.pycls_in1k@96def0eae670bf27b9c6ae63b829357dd0f4a726,384,fitted,fitted,yes
regnetx_004_tv.tv2_in1k,5094976,hf:timm/regnetx_004_tv.tv2_in1k@19678d69c25eb04cc6589cf1f3fe8372dc74d357,400,fitted,fitted,yes
regnetx_006.pycls_in1k,5667040,hf:timm/regnetx_006.pycls_in1k@dd492dec3433aab0642bfb52a8ea1a2a3010d75b,528,fitted,fitted,yes
regnetx_008.pycls_in1k,6586656,hf:timm/regnetx_008.pycls_in1k@8b159eee8664b5271d0a327def42232e8a1a65a6,672,fitted,fitted,yes
regnetx_008.tv2_in1k,6586656,hf:timm/regnetx_008.tv2_in1k@0c78568f3a757ffae468758c8cb4db871e37922a,672,fitted,fitted,yes
regnetx_016.pycls_in1k,8277136,hf:timm/regnetx_016.pycls_in1k@5d6478af73a34270c6e16224113c66e123fc66a9,912,fitted,fitted,yes
regnetx_016.tv2_in1k,8277136,hf:timm/regnetx_016.tv2_in1k@788092fd477715e9f88416471f067ce541bb6343,912,fitted,fitted,yes
regnetx_032.pycls_in1k,14287552,hf:timm/regnetx_032.pycls_in1k@b41e809a326cfa155038effd47efe5142669e326,1008,fitted,fitted,yes
regnetx_032.tv2_in1k,14287552,hf:timm/regnetx_032.tv2_in1k@5bfd40749bcaba36c2177c55e9ecc874fa8a11ac,1008,fitted,fitted,yes
regnetx_040.pycls_in1k,20757248,hf:timm/regnetx_040.pycls_in1k@d3daf9cd2636c1ceca290e0ca3ce6108b84f2e35,1360,fitted,fitted,yes
regnetx_064.pycls_in1k,24584256,hf:timm/regnetx_064.pycls_in1k@bcf34307c2e89510469caeb6f6c3a6866b57c581,1624,fitted,fitted,yes
regnetx_080.pycls_in1k,37651648,hf:timm/regnetx_080.pycls_in1k@543787059f4dc75820928d3f934a08cccb0bcf1e,1920,fitted,fitted,yes
regnetx_080.tv2_in1k,37651648,hf:timm/regnetx_080.tv2_in1k@28f4396b815b92d99b5f52aeaed0cba959bd24a2,1920,fitted,fitted,yes
regnetx_120.pycls_in1k,43865056,hf:timm/regnetx_120.pycls_in1k@9648e182d256b4a9915d93327db88d5ff8e3a717,2240,fitted,fitted,yes
regnety_002.pycls_in1k,2793996,hf:timm/regnety_002.pycls_in1k@3c4d5882de76610654d238ecd8f265519505aa51,368,fitted,fitted,yes
regnety_004.pycls_in1k,3903144,hf:timm/regnety_004.pycls_in1k@9a992e3b1048eea5a20877cca4722720733c3dcc,440,fitted,fitted,yes
regnety_004.tv2_in1k,3903144,hf:timm/regnety_004.tv2_in1k@a4ca85068fcf6325fdf13e83f5d67c18335078a7,440,fitted,fitted,yes
regnety_006.pycls_in1k,5446160,hf:timm/regnety_006.pycls_in1k@19da2f91f8b56021ec9ea4060fc99cd4317e753a,608,fitted,fitted,yes
regnety_008.pycls_in1k,5494168,hf:timm/regnety_008.pycls_in1k@ad27a8e42099466890afc4dbcc24cce1340776b9,768,fitted,fitted,yes
regnety_008_tv.tv2_in1k,5647512,hf:timm/regnety_008_tv.tv2_in1k@56a71621f7f864477ab136983a05392438e3918f,784,fitted,fitted,yes
regnety_016.pycls_in1k,10313430,hf:timm/regnety_016.pycls_in1k@86d273d6265a772b85f821ac4540a71562ae7c66,888,fitted,fitted,yes
regnety_016.tv2_in1k,10313430,hf:timm/regnety_016.tv2_in1k@1fb6443a743820bceaf740bd5541265ed27e221b,888,fitted,fitted,yes
regnety_032.pycls_in1k,17923338,hf:timm/regnety_032.pycls_in1k@a6b12fbbfe0224f5710a81c9e93a543f8a637a67,1512,fitted,fitted,yes
regnety_032.ra_in1k,17923338,hf:timm/regnety_032.ra_in1k@8159ad6dd3b3581844c63840b917557214da7295,1512,fitted,fitted,yes
regnety_032.tv2_in1k,17923338,hf:timm/regnety_032.tv2_in1k@a3d227ebf9109806f76220bb63b16ecf98d320ab,1512,fitted,fitted,yes
regnety_040.pycls_in1k,19557656,hf:timm/regnety_040.pycls_in1k@c505af9c69f6c8881a742cb1bd0d6a733df500e7,1088,fitted,fitted,yes
regnety_040.ra3_in1k,19557656,hf:timm/regnety_040.ra3_in1k@a1875159c7b04f3b3189af804642eebba1e2c118,1088,fitted,fitted,yes
regnety_064.pycls_in1k,29286252,hf:timm/regnety_064.pycls_in1k@78535e995c66f3f0222358dd6a50674c2ce2f056,1296,fitted,fitted,yes
regnety_064.ra3_in1k,29286252,hf:timm/regnety_064.ra3_in1k@a17788970e80a048177fa42fc02ad269a083daff,1296,fitted,fitted,yes
regnety_080.pycls_in1k,37163068,hf:timm/regnety_080.pycls_in1k@1bf55db9fe7425eb1bf85e2feb200e46d42a4466,2016,fitted,fitted,yes
regnety_080.ra3_in1k,37163068,hf:timm/regnety_080.ra3_in1k@4035fc760d49616adbb18d8dd7c6c4401a9b5fa2,2016,fitted,fitted,yes
regnety_080_tv.tv2_in1k,37364472,hf:timm/regnety_080_tv.tv2_in1k@1fcffbccffd8b78fcf6a4a9b359edf0344170321,2016,fitted,fitted,yes
regnety_120.pycls_in1k,49581544,hf:timm/regnety_120.pycls_in1k@8f51a2c52772681726cc31773ab91e1af04c3020,2240,fitted,fitted,yes
regnety_120.sw_in12k,49581544,hf:timm/regnety_120.sw_in12k@9561f8105ff83928591decb3d372a7d7dd16e397,2240,fitted,fitted,yes
regnety_120.sw_in12k_ft_in1k,49581544,hf:timm/regnety_120.sw_in12k_ft_in1k@c548a7f861003ba92ffda37d3d1ab56abce71eb2,2240,fitted,fitted,yes
regnetz_b16.ra3_in1k,8178480,hf:timm/regnetz_b16.ra3_in1k@72628fd8df3cef7a58d1128f0310e8aeafdb3a2c,1536,fitted,excluded: non-finite features,no
repghostnet_050.in1k,1032968,hf:timm/repghostnet_050.in1k@9c537efdcc831135597f3fb1055f389a70d396da,1280,fitted,fitted,yes
repghostnet_058.in1k,1265388,hf:timm/repghostnet_058.in1k@edefd85dd1c7ca3dfed046499e0184cda3adb78c,1280,fitted,fitted,yes
repghostnet_080.in1k,1997968,hf:timm/repghostnet_080.in1k@62ba1093d22d21dd147ee648272949a393bbc427,1280,fitted,fitted,yes
repghostnet_100.in1k,2792604,hf:timm/repghostnet_100.in1k@3c79eee5f138318c2cb58957105b91bb50259b29,1280,fitted,fitted,yes
repghostnet_111.in1k,3258984,hf:timm/repghostnet_111.in1k@03ffb284f8ea7ae1c41a1c2617d4dab98d7cd9f4,1280,fitted,fitted,yes
repghostnet_130.in1k,4197612,hf:timm/repghostnet_130.in1k@efb0a7881fada70cec140ce2810f9c0a7d416704,1280,fitted,fitted,yes
repghostnet_150.in1k,5294336,hf:timm/repghostnet_150.in1k@577d935410a68c6efc6a0fee9f11f88f942ac690,1280,fitted,fitted,yes
repghostnet_200.in1k,8515124,hf:timm/repghostnet_200.in1k@0c520f5e8de77f9bfedc23f2104c344b1d685530,1280,fitted,fitted,yes
repvgg_a0.rvgg_in1k,7827968,hf:timm/repvgg_a0.rvgg_in1k@e292d220aa8b811232037f8aa6d6c8c552dbd0c0,1280,fitted,fitted,yes
repvgg_a1.rvgg_in1k,12811264,hf:timm/repvgg_a1.rvgg_in1k@a08d661370717300608086640790e6a4f54ac802,1280,fitted,fitted,yes
repvgg_a2.rvgg_in1k,26801600,hf:timm/repvgg_a2.rvgg_in1k@87d4d383cb45031cb9fa2fc8ddca73fd6649240f,1408,fitted,fitted,yes
repvgg_b0.rvgg_in1k,14536960,hf:timm/repvgg_b0.rvgg_in1k@cad20ccf7d400643ebb88cc9403ec97d101e6531,1280,fitted,fitted,yes
repvgg_b1g4.rvgg_in1k,37917056,hf:timm/repvgg_b1g4.rvgg_in1k@54ad9d95acf3a556fa8c9a38a58c4ff0a352666a,2048,fitted,fitted,yes
repvit_m0_9.dist_300e_in1k,4717792,hf:timm/repvit_m0_9.dist_300e_in1k@4985922f3d3ed4f3ad803a5f3c20701012da6904,384,fitted,fitted,yes
repvit_m0_9.dist_450e_in1k,4717792,hf:timm/repvit_m0_9.dist_450e_in1k@c073717dd84b5af671dd51b187b99ac55b2af4f0,384,fitted,fitted,yes
repvit_m1.dist_in1k,4713712,hf:timm/repvit_m1.dist_in1k@55e64695f26bb1711730f916e557b464fb46478d,384,fitted,fitted,yes
repvit_m1_0.dist_300e_in1k,6403004,hf:timm/repvit_m1_0.dist_300e_in1k@94445f5481b027599200e61ed5e108dbaedc0139,448,fitted,fitted,yes
repvit_m1_0.dist_450e_in1k,6403004,hf:timm/repvit_m1_0.dist_450e_in1k@0e20f9f1bfa9772e63b813835bab2d6f0d168f89,448,fitted,fitted,yes
repvit_m1_1.dist_300e_in1k,7774864,hf:timm/repvit_m1_1.dist_300e_in1k@425555381cd50f8def98edea8161378390389cb0,512,fitted,fitted,yes
repvit_m1_1.dist_450e_in1k,7774864,hf:timm/repvit_m1_1.dist_450e_in1k@ff441038a42982fff1c8c75be7c794f9ba76db72,512,fitted,fitted,yes
repvit_m1_5.dist_300e_in1k,13616384,hf:timm/repvit_m1_5.dist_300e_in1k@2b353c1e2d02fc2e7b7eec025ab631aaa2e6132a,512,fitted,fitted,yes
repvit_m1_5.dist_450e_in1k,13616384,hf:timm/repvit_m1_5.dist_450e_in1k@0b7e7367d18cc662e09be43e41479067b226cb4b,512,fitted,fitted,yes
repvit_m2.dist_in1k,7769936,hf:timm/repvit_m2.dist_in1k@4af3ecf622c1adf45d7b4b0af3e20a2ff6bff88c,512,fitted,fitted,yes
repvit_m2_3.dist_300e_in1k,22404232,hf:timm/repvit_m2_3.dist_300e_in1k@e240f615d1bf7e53a85663f50120811cdcd75502,640,fitted,fitted,yes
repvit_m2_3.dist_450e_in1k,22404232,hf:timm/repvit_m2_3.dist_450e_in1k@4849e0914b6d4e692a558a51fe4c09698685d4cc,640,fitted,fitted,yes
repvit_m3.dist_in1k,9654784,hf:timm/repvit_m3.dist_in1k@a7c8c01e23c6bc8841386ce62c041687d45a09ea,512,fitted,fitted,yes
res2net101_26w_4s.in1k,43157688,hf:timm/res2net101_26w_4s.in1k@87216aa95ea842cb6da32a1e6dba79c76d35f5aa,2048,fitted,fitted,yes
res2net101d.in1k,43176920,hf:timm/res2net101d.in1k@c1a6f1db2968c48976957e12c74c1d272b119b4f,2048,fitted,fitted,yes
res2net50_14w_8s.in1k,23010816,hf:timm/res2net50_14w_8s.in1k@9ba50b8bdcb11743085f72b2dea2d0a3a52bf2e4,2048,fitted,fitted,yes
res2net50_26w_4s.in1k,23650120,hf:timm/res2net50_26w_4s.in1k@a36466d0354c9d337dbc0af329e13cb1cd7137fe,2048,fitted,fitted,yes
res2net50_26w_6s.in1k,35002448,hf:timm/res2net50_26w_6s.in1k@e37b6f4e3989a82beb9feaceed7ffe0ec5df6f80,2048,fitted,fitted,yes
res2net50_26w_8s.in1k,46354776,hf:timm/res2net50_26w_8s.in1k@b8c8d40aa2eedafa41fe93cdb68f3768bd188280,2048,fitted,fitted,yes
res2net50_48w_2s.in1k,23238304,hf:timm/res2net50_48w_2s.in1k@8207b2e00ffe65adcee3f8013c54a149b9f44848,2048,fitted,fitted,yes
res2net50d.in1k,23669352,hf:timm/res2net50d.in1k@4f4bce4a1b5c17eabe5dde59af578ff9e1199ffc,2048,fitted,fitted,yes
res2next50.in1k,22622464,hf:timm/res2next50.in1k@a8fe0f89e842b6dfa74b96deed2254d4fb7bf625,2048,fitted,fitted,yes
resmlp_12_224.fb_dino,14965872,hf:timm/resmlp_12_224.fb_dino@78db144d35c1e38819144da0cd5188bf3e771ab8,384,fitted,fitted,yes
resmlp_12_224.fb_distilled_in1k,14965872,hf:timm/resmlp_12_224.fb_distilled_in1k@56adfe9dda4540f13ff681dbe609fb9dd2e259f9,384,fitted,fitted,yes
resmlp_12_224.fb_in1k,14965872,hf:timm/resmlp_12_224.fb_in1k@59a4112ca93db165fd828bef7d47d758ad84295b,384,fitted,fitted,yes
resmlp_24_224.fb_dino,29635680,hf:timm/resmlp_24_224.fb_dino@41332ce3efd6a8fdd0ad0917e180bbb96c77787d,384,fitted,fitted,yes
resmlp_24_224.fb_distilled_in1k,29635680,hf:timm/resmlp_24_224.fb_distilled_in1k@7490198a1378e4ee9e3abc0a258d96c98943f71c,384,fitted,fitted,yes
resmlp_24_224.fb_in1k,29635680,hf:timm/resmlp_24_224.fb_in1k@920bb4bd2f1efb83e539e6da2c65b390ba9d8355,384,fitted,fitted,yes
resmlp_36_224.fb_distilled_in1k,44305488,hf:timm/resmlp_36_224.fb_distilled_in1k@cf66e726eab2a1818f463ac1ccc6bc761cdf06ef,384,fitted,fitted,yes
resmlp_36_224.fb_in1k,44305488,hf:timm/resmlp_36_224.fb_in1k@8dc40344c7699982906a8421bebeaa4875de4940,384,fitted,fitted,yes
resnest14d.gluon_in1k,8562688,hf:timm/resnest14d.gluon_in1k@b4997ec7e30ee4b3ecfb21d2282ef477d73fc19c,2048,fitted,fitted,yes
resnest26d.gluon_in1k,15020448,hf:timm/resnest26d.gluon_in1k@6a408c271bcc4b91b1c291dac18b09ca2e638554,2048,fitted,fitted,yes
resnest50d.in1k,25434240,hf:timm/resnest50d.in1k@2239b0d822126dee3bc7a5357514de35b8f42092,2048,fitted,fitted,yes
resnest50d_1s4x24d.in1k,23628000,hf:timm/resnest50d_1s4x24d.in1k@bcaf737fc26a7baea451b4cdae4f2c47f8aee648,2048,fitted,fitted,yes
resnest50d_4s2x40d.in1k,28368592,hf:timm/resnest50d_4s2x40d.in1k@cdfec832f0f257ad4373c0b574b7110b6a2022b5,2048,fitted,fitted,yes
resnet101.a1_in1k,42500160,hf:timm/resnet101.a1_in1k@d90ce63ac1b05b22614f11dcea68fcedfc2c4dee,2048,fitted,fitted,yes
resnet101.a1h_in1k,42500160,hf:timm/resnet101.a1h_in1k@31c8dd57af17e8f4a74423ce917e37a3f8d71175,2048,fitted,fitted,yes
resnet101.a2_in1k,42500160,hf:timm/resnet101.a2_in1k@1f70f21ae9c0e5bc61f22a183b531c19d1cd50cd,2048,fitted,fitted,yes
resnet101.gluon_in1k,42500160,hf:timm/resnet101.gluon_in1k@413e721af17b121382b679bfd30c82b6aef8117e,2048,fitted,fitted,yes
resnet101.tv_in1k,42500160,hf:timm/resnet101.tv_in1k@7783c32ee5a0df47d51676eb878f932184fd3cb7,2048,fitted,fitted,yes
resnet101_clip_gap.openai,42519392,hf:timm/resnet101_clip_gap.openai@ef9d236ffb0e16d708a0d33554d732d69a4baeb2,2048,fitted,fitted,yes
resnet101_clip_gap.yfcc15m,42519392,hf:timm/resnet101_clip_gap.yfcc15m@1a007e632201e25c75914c4077e125f986c8550d,2048,fitted,fitted,yes
resnet101c.gluon_in1k,42519392,hf:timm/resnet101c.gluon_in1k@3e0c5fa83e10bcbcc146118b59eed5fa70436450,2048,fitted,fitted,yes
resnet101d.gluon_in1k,42519392,hf:timm/resnet101d.gluon_in1k@462c1a037fd2994eeaa9833cc31c2a142b45f0ff,2048,fitted,fitted,yes
resnet101s.gluon_in1k,42623936,hf:timm/resnet101s.gluon_in1k@d22a5724a07d2e87b1491825c635150f993b9d97,2048,fitted,fitted,yes
resnet18.a1_in1k,11176512,hf:timm/resnet18.a1_in1k@491b427b45c94c7fb0e78b5474cc919aff584bbf,512,fitted,fitted,yes
resnet18.a2_in1k,11176512,hf:timm/resnet18.a2_in1k@6057ab6ef7651565db624006be4ba963d377a3f8,512,fitted,fitted,yes
resnet18.fb_ssl_yfcc100m_ft_in1k,11176512,hf:timm/resnet18.fb_ssl_yfcc100m_ft_in1k@4c1b99f18c9f9999b350674d00e5d26050ffcd2f,512,fitted,fitted,yes
resnet18.fb_swsl_ig1b_ft_in1k,11176512,hf:timm/resnet18.fb_swsl_ig1b_ft_in1k@0735a88fd5754d7617f635af11750e777b61ebbe,512,fitted,fitted,yes
resnet18.gluon_in1k,11176512,hf:timm/resnet18.gluon_in1k@1b8a730b0ac192facb36e0cdbe91d3c89c43f966,512,fitted,fitted,yes
resnet18.tv_in1k,11176512,hf:timm/resnet18.tv_in1k@bbd144b3e5565108aad885f145491d11bc6ce807,512,fitted,fitted,yes
resnet18d.ra2_in1k,11195744,hf:timm/resnet18d.ra2_in1k@ad962375b19d6416bf7e99bfcad25c9510a3d96c,512,fitted,fitted,yes
resnet18d.ra4_e3600_r224_in1k,11195744,hf:timm/resnet18d.ra4_e3600_r224_in1k@9b2a213faf0d05ebffb311dc2cba19aed3a7d005,512,fitted,fitted,yes
resnet26.bt_in1k,13946176,hf:timm/resnet26.bt_in1k@76ee10a47c8d677cfce096a8ff2c813d0c29b739,2048,fitted,fitted,yes
resnet26d.bt_in1k,13965408,hf:timm/resnet26d.bt_in1k@56e8d0a94adb195dfff8525f3eac6b5f415d4444,2048,fitted,fitted,yes
resnet34.a1_in1k,21284672,hf:timm/resnet34.a1_in1k@0e8757122c4c09b15fb9300c0fd09b3fe89e28bf,512,fitted,fitted,yes
resnet34.a2_in1k,21284672,hf:timm/resnet34.a2_in1k@1b642855ffc80277d323a15e71a972cdf368a875,512,fitted,fitted,yes
resnet34.bt_in1k,21284672,hf:timm/resnet34.bt_in1k@d8ef89ebcdbfdf4ce555688d810f034f783ded3f,512,fitted,fitted,yes
resnet34.gluon_in1k,21284672,hf:timm/resnet34.gluon_in1k@1873e4c7055931d23d688a2cfb32843eecdddf40,512,fitted,fitted,yes
resnet34.ra4_e3600_r224_in1k,21284672,hf:timm/resnet34.ra4_e3600_r224_in1k@3d148ac100644e64a44c430675df721acddd3300,512,fitted,fitted,yes
resnet34.tv_in1k,21284672,hf:timm/resnet34.tv_in1k@1b7b21cca82ff974d341713f777bf740c2db38c4,512,fitted,fitted,yes
resnet34d.ra2_in1k,21303904,hf:timm/resnet34d.ra2_in1k@a5413743ca8b64733faaab21d68820b410c66acb,512,fitted,fitted,yes
resnet50.a1_in1k,23508032,hf:timm/resnet50.a1_in1k@767268603ca0cb0bfe326fa87277f19c419566ef,2048,fitted,fitted,yes
resnet50.a2_in1k,23508032,hf:timm/resnet50.a2_in1k@4763e1e1a518b3347d09f85eeefe56129a9892cb,2048,fitted,fitted,yes
resnet50.am_in1k,23508032,hf:timm/resnet50.am_in1k@6a3491fe3d6dc532a815285100037c5083df942d,2048,fitted,fitted,yes
resnet50.b1k_in1k,23508032,hf:timm/resnet50.b1k_in1k@6bce720c49202fbfb3e9e1c15f56036d6e365133,2048,fitted,fitted,yes
resnet50.b2k_in1k,23508032,hf:timm/resnet50.b2k_in1k@3128284f574d96912285de089ba59be1d11f9a1b,2048,fitted,fitted,yes
resnet50.bt_in1k,23508032,hf:timm/resnet50.bt_in1k@aa0fac925cd0672ecc98af905bbe5eed794452a2,2048,fitted,fitted,yes
resnet50.c1_in1k,23508032,hf:timm/resnet50.c1_in1k@382b32d93a91b4200a307d7eb21f1977ebb5e339,2048,fitted,fitted,yes
resnet50.c2_in1k,23508032,hf:timm/resnet50.c2_in1k@ef5fede7ce222a7a9dcd4b1e83ee846ad64ff46a,2048,fitted,fitted,yes
resnet50.d_in1k,23508032,hf:timm/resnet50.d_in1k@d8b3b9232fa9893637a3d8fac2bec18ff44880c5,2048,fitted,fitted,yes
resnet50.fb_ssl_yfcc100m_ft_in1k,23508032,hf:timm/resnet50.fb_ssl_yfcc100m_ft_in1k@2bfbb0e194aa59bf9f8c88d3fd3719ed3b7420a5,2048,fitted,fitted,yes
resnet50.fb_swsl_ig1b_ft_in1k,23508032,hf:timm/resnet50.fb_swsl_ig1b_ft_in1k@db15d80e1377d8389fa2ab973174175dd36b8a57,2048,fitted,fitted,yes
resnet50.gluon_in1k,23508032,hf:timm/resnet50.gluon_in1k@fff995788d629710a4f95fa1ff5b33577deb8360,2048,fitted,fitted,yes
resnet50.ra_in1k,23508032,hf:timm/resnet50.ra_in1k@202e161aaf576f3a396ed6fe5016be6f6502f72f,2048,fitted,fitted,yes
resnet50.ram_in1k,23508032,hf:timm/resnet50.ram_in1k@6e2446dfff2a12859ab4c1b2dc5cb3d95fccab8f,2048,fitted,fitted,yes
resnet50.tv_in1k,23508032,hf:timm/resnet50.tv_in1k@78f3ecfdb38e06d9b8397f662e7ab8fee96026fa,2048,fitted,fitted,yes
resnet50_clip.cc12m,40415072,hf:timm/resnet50_clip.cc12m@d72a2fdb0278498f216ca970010d730b95249beb,,excluded: timm build failure (AssertionError building the pooled headless encoder),excluded: timm build failure (AssertionError building the pooled headless encoder),no
resnet50_clip.openai,40415072,hf:timm/resnet50_clip.openai@ec3d92cf63a5f9d591f0d611b736895966c73076,,excluded: timm build failure (AssertionError building the pooled headless encoder),excluded: timm build failure (AssertionError building the pooled headless encoder),no
resnet50_clip.yfcc15m,40415072,hf:timm/resnet50_clip.yfcc15m@c94a9e3bde942b58c1cd13bb0a03d3c1ff4cb056,,excluded: timm build failure (AssertionError building the pooled headless encoder),excluded: timm build failure (AssertionError building the pooled headless encoder),no
resnet50_clip_gap.cc12m,23527264,hf:timm/resnet50_clip_gap.cc12m@d6be7acbff046b6ae26032bbbe2f4f6e1aabaf3e,2048,fitted,fitted,yes
resnet50_clip_gap.openai,23527264,hf:timm/resnet50_clip_gap.openai@00648cf03a03d82f39de35533ea90b3aaf9061bb,2048,fitted,fitted,yes
resnet50_clip_gap.yfcc15m,23527264,hf:timm/resnet50_clip_gap.yfcc15m@fe2e18452bcf1eb4bf4515fc1b419f88f87995cf,2048,fitted,fitted,yes
resnet50_gn.a1h_in1k,23508032,hf:timm/resnet50_gn.a1h_in1k@b5b1dcfc1a526af275ec440b8d697c66c90a98b1,2048,fitted,fitted,yes
resnet50c.gluon_in1k,23527264,hf:timm/resnet50c.gluon_in1k@7faf81817979eb5149ce3ece8eabe15ced808821,2048,fitted,fitted,yes
resnet50d.a1_in1k,23527264,hf:timm/resnet50d.a1_in1k@e5d6d66ed7d06ab0b5953943bf50e8cf86402c8a,2048,fitted,fitted,yes
resnet50d.a2_in1k,23527264,hf:timm/resnet50d.a2_in1k@e6fe10a5dc97fd393494e28163f94fd564fc1734,2048,fitted,fitted,yes
resnet50d.gluon_in1k,23527264,hf:timm/resnet50d.gluon_in1k@2dd38bb67a3fde6ac7a896ca7f9a3a3062d94dd2,2048,fitted,fitted,yes
resnet50d.ra2_in1k,23527264,hf:timm/resnet50d.ra2_in1k@ea1a9b5ed97c7ca1b1401a81bbf9a19c9044797b,2048,fitted,fitted,yes
resnet50d.ra4_e3600_r224_in1k,23527264,hf:timm/resnet50d.ra4_e3600_r224_in1k@d290f1767ed0184a5b00390951f7543f16358029,2048,fitted,fitted,yes
resnet50s.gluon_in1k,23631808,hf:timm/resnet50s.gluon_in1k@cfad52e070708abfd8af97646f42b5aecd788c29,2048,fitted,fitted,yes
resnetaa101d.sw_in12k,42519392,hf:timm/resnetaa101d.sw_in12k@a7604a5fb5081b036aa6b75f79a75c02d993ec6c,2048,fitted,fitted,yes
resnetaa101d.sw_in12k_ft_in1k,42519392,hf:timm/resnetaa101d.sw_in12k_ft_in1k@dd5d4a2aa33a4556bc7e1f919a4b979647816aeb,2048,fitted,fitted,yes
resnetaa50.a1h_in1k,23508032,hf:timm/resnetaa50.a1h_in1k@aabcfa4d7b6e2e3f07409bc23e342dd635c5acb8,2048,fitted,fitted,yes
resnetaa50d.d_in12k,23527264,hf:timm/resnetaa50d.d_in12k@1879d4e9cca4208d175f4b8edaa779f64a439e4a,2048,fitted,fitted,yes
resnetaa50d.sw_in12k,23527264,hf:timm/resnetaa50d.sw_in12k@b9fbc6e532931882197a1f81ea405fd99b65a5ad,2048,fitted,fitted,yes
resnetaa50d.sw_in12k_ft_in1k,23527264,hf:timm/resnetaa50d.sw_in12k_ft_in1k@0ba245cc30dbfce7e8520feae98775b180af041f,2048,fitted,fitted,yes
resnetblur50.bt_in1k,23508032,hf:timm/resnetblur50.bt_in1k@4d300d8cb3b3bc153a8707d6b994cb5e175544d9,2048,fitted,fitted,yes
resnetv2_101.a1h_in1k,42492480,hf:timm/resnetv2_101.a1h_in1k@155e705ee1fa3b6d63e84880b7aadd1a6e45df21,2048,fitted,fitted,yes
resnetv2_101x1_bit.goog_in21k,42492480,hf:timm/resnetv2_101x1_bit.goog_in21k@55995e059d3632c862f264c3d6ab5ad4c3d8d75e,2048,fitted,fitted,yes
resnetv2_18.ra4_e3600_r224_in1k,11174720,hf:timm/resnetv2_18.ra4_e3600_r224_in1k@2125bf2240925a54bb991d833cf9da7e292cf77c,512,fitted,fitted,yes
resnetv2_18d.ra4_e3600_r224_in1k,11193952,hf:timm/resnetv2_18d.ra4_e3600_r224_in1k@820d485e6a5e0ebfd993d94216b47921ab79ef73,512,fitted,fitted,yes
resnetv2_34.ra4_e3600_r224_in1k,21282880,hf:timm/resnetv2_34.ra4_e3600_r224_in1k@b5fee0d3863afeb237337a605bfbdb04c4afa445,512,fitted,fitted,yes
resnetv2_34d.ra4_e3600_r224_in1k,21302112,hf:timm/resnetv2_34d.ra4_e3600_r224_in1k@ef69cbb02c9c3663c947c643d77bcca3f09e5eaf,512,fitted,fitted,yes
resnetv2_50.a1h_in1k,23500352,hf:timm/resnetv2_50.a1h_in1k@a9035ec8691ab8c6eb6035aa3930c37583bcee5b,2048,fitted,fitted,yes
resnetv2_50d_evos.ah_in1k,23542368,hf:timm/resnetv2_50d_evos.ah_in1k@5e553350316a85a3cd50d226939967cbd17b148d,2048,fitted,fitted,yes
resnetv2_50d_gn.ah_in1k,23519584,hf:timm/resnetv2_50d_gn.ah_in1k@f83e4c784f17a7bd53a25a8a64e72893698e459f,2048,fitted,fitted,yes
resnetv2_50x1_bit.goog_distilled_in1k,23500352,hf:timm/resnetv2_50x1_bit.goog_distilled_in1k@39aef79105c877c0d9f9410a761fab8ea28542c3,2048,fitted,fitted,yes
resnetv2_50x1_bit.goog_in21k,23500352,hf:timm/resnetv2_50x1_bit.goog_in21k@28dc27a546380665e285a3aeb0ee1e0b4ea45097,2048,fitted,fitted,yes
resnext101_32x4d.fb_ssl_yfcc100m_ft_in1k,42128704,hf:timm/resnext101_32x4d.fb_ssl_yfcc100m_ft_in1k@86efcb752c32b4eb9a58ffcc1af93e2ad6205fee,2048,fitted,fitted,yes
resnext101_32x4d.fb_swsl_ig1b_ft_in1k,42128704,hf:timm/resnext101_32x4d.fb_swsl_ig1b_ft_in1k@0a264bc3e8ee68bb9b93c360128ec14884e153a8,2048,fitted,fitted,yes
resnext101_32x4d.gluon_in1k,42128704,hf:timm/resnext101_32x4d.gluon_in1k@3daf423f5bf524acd41b67452f7e18e233259c27,2048,fitted,fitted,yes
resnext50_32x4d.a1_in1k,22979904,hf:timm/resnext50_32x4d.a1_in1k@66acc2732d36914f187675aaa616dbd2d1b97937,2048,fitted,fitted,yes
resnext50_32x4d.a1h_in1k,22979904,hf:timm/resnext50_32x4d.a1h_in1k@cc736cb0940158d05966023116d90fca4c38dae3,2048,fitted,fitted,yes
resnext50_32x4d.a2_in1k,22979904,hf:timm/resnext50_32x4d.a2_in1k@e9554a0e40655375535241e390bd33be8784a6b7,2048,fitted,fitted,yes
resnext50_32x4d.fb_ssl_yfcc100m_ft_in1k,22979904,hf:timm/resnext50_32x4d.fb_ssl_yfcc100m_ft_in1k@e001d74365c46e50e4d892b97bac199cc0f6c8a6,2048,fitted,fitted,yes
resnext50_32x4d.fb_swsl_ig1b_ft_in1k,22979904,hf:timm/resnext50_32x4d.fb_swsl_ig1b_ft_in1k@deb9b46444dd91a148cd8a9d8c79d34c269de530,2048,fitted,fitted,yes
resnext50_32x4d.gluon_in1k,22979904,hf:timm/resnext50_32x4d.gluon_in1k@35e7ba6f5050c80fb9e14e9ff13988ab0e262e1d,2048,fitted,fitted,yes
resnext50_32x4d.ra_in1k,22979904,hf:timm/resnext50_32x4d.ra_in1k@5f3db49db76b4ccb53aa11ad65f41647e8063426,2048,fitted,fitted,yes
resnext50_32x4d.tv_in1k,22979904,hf:timm/resnext50_32x4d.tv_in1k@6af7026b6fb49698c349bc0ab0a66e31c6f942b3,2048,fitted,fitted,yes
resnext50d_32x4d.bt_in1k,22999136,hf:timm/resnext50d_32x4d.bt_in1k@041d48a668ca9af6895528bb0084800d02e25a4b,2048,fitted,fitted,yes
rexnet_100.nav_in1k,3515873,hf:timm/rexnet_100.nav_in1k@36dd8f43d1589a7c6c138625f3fde6abde2a61dd,1280,fitted,fitted,yes
rexnet_130.nav_in1k,5892091,hf:timm/rexnet_130.nav_in1k@3a16ec74a1ed549d312f03f12d2c9c75daeaa799,1664,fitted,fitted,yes
rexnet_150.nav_in1k,7807593,hf:timm/rexnet_150.nav_in1k@d8c6735808195e0af84bcbb28ec70a25840d1dc4,1920,fitted,fitted,yes
rexnet_200.nav_in1k,13805620,hf:timm/rexnet_200.nav_in1k@aba1bbbc03214eab92f030efb88aa43bacd9d6f3,2560,fitted,fitted,yes
rexnet_300.nav_in1k,30867792,hf:timm/rexnet_300.nav_in1k@cbb4094846829352a7071716c58903a3c6fe7dab,3840,fitted,fitted,yes
rexnetr_200.sw_in12k,13961432,hf:timm/rexnetr_200.sw_in12k@e1f73ebac5e1de3ae2d585bf263d3c9f7fe88664,2560,fitted,fitted,yes
rexnetr_200.sw_in12k_ft_in1k,13961432,hf:timm/rexnetr_200.sw_in12k_ft_in1k@511091d83c0288c5a25dd582117b4d24f7baeb71,2560,fitted,fitted,yes
rexnetr_300.sw_in12k,30969008,hf:timm/rexnetr_300.sw_in12k@38c24c8921964f8409c9d69cc4addcf03924e811,3840,fitted,fitted,yes
rexnetr_300.sw_in12k_ft_in1k,30969008,hf:timm/rexnetr_300.sw_in12k_ft_in1k@524b9020be9649c58f7b4c48e52def228b97ea08,3840,fitted,fitted,yes
selecsls42b.in1k,31433248,hf:timm/selecsls42b.in1k@ba328878e5c7751f8fb8a535a3d1c4b4a540a0d8,1024,fitted,fitted,yes
selecsls60.in1k,29389768,hf:timm/selecsls60.in1k@af5402c7432b3d7ea5b8f90b1b1e3ef067e54fef,1280,fitted,fitted,yes
selecsls60b.in1k,31749064,hf:timm/selecsls60b.in1k@fa1adffd5ac24afa5c76a233a8c6911ec2bdc77b,1024,fitted,fitted,yes
semnasnet_075.rmsp_in1k,1631278,hf:timm/semnasnet_075.rmsp_in1k@18a7cb0bcb891cc1d3784237e7e65e5d2d46b8b2,1280,fitted,fitted,yes
semnasnet_100.rmsp_in1k,2606038,hf:timm/semnasnet_100.rmsp_in1k@9f1a946eb1dc8932fd2af63c5e244d866aa56601,1280,fitted,fitted,yes
sequencer2d_m.in1k,37922688,hf:timm/sequencer2d_m.in1k@50c9452b0cb3f5b39dc66fa8e443c691396f5194,384,fitted,fitted,yes
sequencer2d_s.in1k,27266688,hf:timm/sequencer2d_s.in1k@2daa6ecf486800c6181817571323289414b54820,384,fitted,fitted,yes
seresnet50.a1_in1k,26039024,hf:timm/seresnet50.a1_in1k@23f3482ee9acc4f51a2668a7cdf255fbd9420417,2048,fitted,fitted,yes
seresnet50.a2_in1k,26039024,hf:timm/seresnet50.a2_in1k@4cb9eed48ee840f525bb27706323a2181934b16f,2048,fitted,fitted,yes
seresnet50.ra2_in1k,26039024,hf:timm/seresnet50.ra2_in1k@8118272381463a53463a4f6e34af166bffc83555,2048,fitted,fitted,yes
seresnext101_32x4d.gluon_in1k,46906416,hf:timm/seresnext101_32x4d.gluon_in1k@6418daeeeda128efbaef21093351a731fb9149dd,2048,fitted,fitted,yes
seresnext26d_32x4d.bt_in1k,14760512,hf:timm/seresnext26d_32x4d.bt_in1k@1214c4b9e7470f613b1ffb1f3c0243ce2736b925,2048,fitted,fitted,yes
seresnext26t_32x4d.bt_in1k,14757976,hf:timm/seresnext26t_32x4d.bt_in1k@ef0f8cf34c7e34291d01a562d4aca427c6017880,2048,fitted,fitted,yes
seresnext50_32x4d.gluon_in1k,25510896,hf:timm/seresnext50_32x4d.gluon_in1k@cb41d23a8af1094da524975aec8385ad9432c48d,2048,fitted,fitted,yes
seresnext50_32x4d.racm_in1k,25510896,hf:timm/seresnext50_32x4d.racm_in1k@bd177a1b5fae627fa96737365dc89f840a9bfa8c,2048,fitted,fitted,yes
shvit_s1.in1k,6009168,hf:timm/shvit_s1.in1k@d5c0c27b0d05c630284a3946882590e4054f1108,320,fitted,fitted,yes
shvit_s2.in1k,11033176,hf:timm/shvit_s2.in1k@1b0e0f54e61c235a0f28856f272d01849c4dcb8d,448,fitted,fitted,yes
shvit_s3.in1k,13795377,hf:timm/shvit_s3.in1k@021d87dd22cca70bd292683940a0d48fea5a732f,448,fitted,fitted,yes
skresnet18.ra_in1k,11445056,hf:timm/skresnet18.ra_in1k@556ba2012f3470fd43feba5a4841a49827ae3998,512,fitted,fitted,yes
skresnet34.ra_in1k,21769376,hf:timm/skresnet34.ra_in1k@d2a81d9e9e1770dadf562bd93dfc579414b000dc,512,fitted,fitted,yes
skresnext50_32x4d.ra_in1k,25430784,hf:timm/skresnext50_32x4d.ra_in1k@f6ab14274f51e44cde08a51492ee68ba3a9fa0ce,2048,fitted,fitted,yes
spnasnet_100.rmsp_in1k,3140616,hf:timm/spnasnet_100.rmsp_in1k@090f084f490afaed0296b2a37af668b1e2f2b72b,1280,fitted,fitted,yes
starnet_s1.in1k,2676168,hf:timm/starnet_s1.in1k@e3fbe6d1e24b6293fa6e7b897f380bd62f77e01f,192,fitted,fitted,yes
starnet_s2.in1k,3425024,hf:timm/starnet_s2.in1k@7d4c84c067b9fea3fb81df22ea2cbb929dda37a0,256,fitted,fitted,yes
starnet_s3.in1k,5493792,hf:timm/starnet_s3.in1k@07426414963bc86c5df39e253c3bbcb7935168cf,256,fitted,fitted,yes
starnet_s4.in1k,7225728,hf:timm/starnet_s4.in1k@58d1fd51e6737653446cef5ac3bc75328a88ef65,256,fitted,fitted,yes
swiftformer_l1.dist_in1k,11287920,hf:timm/swiftformer_l1.dist_in1k@575e29f88aa0094fb7660cbe5afd8a9e7cdae554,384,fitted,fitted,yes
swiftformer_l3.dist_in1k,27468736,hf:timm/swiftformer_l3.dist_in1k@2acaa0c490ad1b7ca4e8bb5185b7903eaf19261a,512,fitted,fitted,yes
swiftformer_s.dist_in1k,5642128,hf:timm/swiftformer_s.dist_in1k@3f3e8d43dc4f09f2d957efec741bcde0a2f1ae15,224,fitted,fitted,yes
swiftformer_xs.dist_in1k,3033360,hf:timm/swiftformer_xs.dist_in1k@ac0196f198e58c82183a67f5f5c0952421b3e6ac,220,fitted,fitted,yes
swin_s3_small_224.ms_in1k,48968298,hf:timm/swin_s3_small_224.ms_in1k@e94201381601aa8044c5e1956cfa59b679f7f152,768,fitted,fitted,yes
swin_s3_tiny_224.ms_in1k,27559674,hf:timm/swin_s3_tiny_224.ms_in1k@4404157f17b487733d0881776a13243b29c05cea,768,fitted,fitted,yes
swin_small_patch4_window7_224.ms_in1k,48837258,hf:timm/swin_small_patch4_window7_224.ms_in1k@b59828b00f6fac85d99c8eac48094b605b6e7ec3,768,fitted,fitted,yes
swin_small_patch4_window7_224.ms_in22k,48837258,hf:timm/swin_small_patch4_window7_224.ms_in22k@b2b85c9401d59641936f2a0638830dcca109eef7,768,fitted,fitted,yes
swin_small_patch4_window7_224.ms_in22k_ft_in1k,48837258,hf:timm/swin_small_patch4_window7_224.ms_in22k_ft_in1k@221ee757828e4772df860bd42ef476de78dd5fc6,768,fitted,fitted,yes
swin_tiny_patch4_window7_224.ms_in1k,27519354,hf:timm/swin_tiny_patch4_window7_224.ms_in1k@4cc3a7275b50b53a7bec45f32c236ebe64227cff,768,fitted,fitted,yes
swin_tiny_patch4_window7_224.ms_in22k,27519354,hf:timm/swin_tiny_patch4_window7_224.ms_in22k@dec7a5f0eb3872d02bf7aa22bf1af2025cc0d114,768,fitted,fitted,yes
swin_tiny_patch4_window7_224.ms_in22k_ft_in1k,27519354,hf:timm/swin_tiny_patch4_window7_224.ms_in22k_ft_in1k@d80a6aa3419a7f825d780d7dfe7fbf78f4a65039,768,fitted,fitted,yes
swinv2_cr_small_224.sw_in1k,48926100,hf:timm/swinv2_cr_small_224.sw_in1k@d0659b4eb49cd94152a001b13bc2704931634857,768,fitted,fitted,yes
swinv2_cr_small_ns_224.sw_in1k,48927444,hf:timm/swinv2_cr_small_ns_224.sw_in1k@7a4c6dabcde151581d12e9d3fa3413e2894d03e7,768,fitted,fitted,yes
swinv2_cr_tiny_ns_224.sw_in1k,27564468,hf:timm/swinv2_cr_tiny_ns_224.sw_in1k@3f3619088ba257e58a38212c18b310550697d7a3,768,fitted,fitted,yes
tf_efficientnet_b0.aa_in1k,4007548,hf:timm/tf_efficientnet_b0.aa_in1k@5ff3e9d2cd4a04cd392be12a6ed461e066e9f3f7,1280,fitted,fitted,yes
tf_efficientnet_b0.ap_in1k,4007548,hf:timm/tf_efficientnet_b0.ap_in1k@56f6f4856cf5c4cfdafd52eede6f93fa6524b20e,1280,fitted,fitted,yes
tf_efficientnet_b0.in1k,4007548,hf:timm/tf_efficientnet_b0.in1k@8186ca4217f9c67824ebe7566008bdc69976d15a,1280,fitted,fitted,yes
tf_efficientnet_b0.ns_jft_in1k,4007548,hf:timm/tf_efficientnet_b0.ns_jft_in1k@625afb926af7ee851c12bdfef4520d7b2ba679d5,1280,fitted,fitted,yes
tf_efficientnet_cc_b0_4e.in1k,12033116,hf:timm/tf_efficientnet_cc_b0_4e.in1k@24a51c54adf6261a3e5048d1b68e9baaedb85c5b,1280,fitted,fitted,yes
tf_efficientnet_cc_b0_8e.in1k,22732284,hf:timm/tf_efficientnet_cc_b0_8e.in1k@e0a98e792b639370b2f6c34e4a689adfa605712e,1280,fitted,fitted,yes
tf_efficientnet_es.in1k,4157392,hf:timm/tf_efficientnet_es.in1k@1b19c620fb09b07c68c8c25b06fd92011cbf7c66,1280,fitted,fitted,yes
tf_efficientnet_lite0.in1k,3371008,hf:timm/tf_efficientnet_lite0.in1k@e074755b39c3cd8ca77d917a7cfb62e70da6bf88,1280,fitted,fitted,yes
tf_mixnet_l.in1k,5792252,hf:timm/tf_mixnet_l.in1k@33f944781dc32676d8b8aa553fb6715ce6fd4f31,1536,fitted,fitted,yes
tf_mixnet_m.in1k,3477382,hf:timm/tf_mixnet_m.in1k@8562e4c2f85f78b6ec17fb6c737f271106501c77,1536,fitted,fitted,yes
tf_mixnet_s.in1k,2597606,hf:timm/tf_mixnet_s.in1k@1ed2d414d345ab199428f7ea1e3851fac9a920ed,1536,fitted,fitted,yes
tf_mobilenetv3_large_075.in1k,2712528,hf:timm/tf_mobilenetv3_large_075.in1k@ebbc6a893c12edecd8357babbb892ecf703b70ba,1280,fitted,fitted,yes
tf_mobilenetv3_large_100.in1k,4202032,hf:timm/tf_mobilenetv3_large_100.in1k@898233b536b631ff81a48f1cb8a42d60568cb6b3,1280,fitted,fitted,yes
tf_mobilenetv3_large_minimal_100.in1k,2643288,hf:timm/tf_mobilenetv3_large_minimal_100.in1k@3ed7bdd96cf26c2055bea283c3405704bf0a7981,1280,fitted,fitted,yes
tf_mobilenetv3_small_075.in1k,1016872,hf:timm/tf_mobilenetv3_small_075.in1k@0dbfb6d98309ee082831bc1d6833f3b656e2d097,1024,fitted,fitted,yes
tf_mobilenetv3_small_100.in1k,1517856,hf:timm/tf_mobilenetv3_small_100.in1k@6ea7c1da494cbf1ef6682a942221a9fdc3a78126,1024,fitted,fitted,yes
tf_mobilenetv3_small_minimal_100.in1k,1019736,hf:timm/tf_mobilenetv3_small_minimal_100.in1k@0b16b3a73403a011e0961d90c072d9b30bf95a80,1024,fitted,fitted,yes
tiny_vit_11m_224.dist_in22k,10547972,hf:timm/tiny_vit_11m_224.dist_in22k@cff6832e79cfd5337fee356ff04bf4388afe5fd6,448,fitted,fitted,yes
tiny_vit_11m_224.dist_in22k_ft_in1k,10547972,hf:timm/tiny_vit_11m_224.dist_in22k_ft_in1k@47df2afc2abd1405d5917a6ceabf9b921ca3d5ad,448,fitted,fitted,yes
tiny_vit_11m_224.in1k,10547972,hf:timm/tiny_vit_11m_224.in1k@6d949bd256f4960189ff0def1a1ad712cad84de3,448,fitted,fitted,yes
tiny_vit_21m_224.dist_in22k,20621568,hf:timm/tiny_vit_21m_224.dist_in22k@e77a7d2b79fecbebe83f66194e5488775cc02da2,576,fitted,fitted,yes
tiny_vit_21m_224.dist_in22k_ft_in1k,20621568,hf:timm/tiny_vit_21m_224.dist_in22k_ft_in1k@bcd5d68c5650bf4d65a0a1262f28b699a4d1c35f,576,fitted,fitted,yes
tiny_vit_21m_224.in1k,20621568,hf:timm/tiny_vit_21m_224.in1k@eedd0223b22bade9043e0aa89eb3343c75d7fb6c,576,fitted,fitted,yes
tiny_vit_5m_224.dist_in22k,5071764,hf:timm/tiny_vit_5m_224.dist_in22k@b99f05681072d8bb1a391570022e3aa8f92abac7,320,fitted,fitted,yes
tiny_vit_5m_224.dist_in22k_ft_in1k,5071764,hf:timm/tiny_vit_5m_224.dist_in22k_ft_in1k@b46989c2a2c95e7612b919a6f5e2cd7dcf4f1271,320,fitted,fitted,yes
tiny_vit_5m_224.in1k,5071764,hf:timm/tiny_vit_5m_224.in1k@4d672dcce358110c372bb8379c6607b9738f002d,320,fitted,fitted,yes
tnt_s_legacy_patch16_224.in1k,23370336,hf:timm/tnt_s_legacy_patch16_224.in1k@1d657643b715c780560951701afcb6cc2327a335,384,fitted,fitted,yes
tnt_s_patch16_224.in1k,23383584,hf:timm/tnt_s_patch16_224.in1k@3197ffd33ba33a86ddfe3719fd6ab87a479ff6e8,384,fitted,fitted,yes
tresnet_m.miil_in1k,29340032,hf:timm/tresnet_m.miil_in1k@385bee67f16b402c898ce87df4a08a35d5d86876,2048,fitted,fitted,yes
tresnet_m.miil_in21k,29340032,hf:timm/tresnet_m.miil_in21k@c9ce80f58854df726c70946e44e97023506d9a9f,2048,fitted,fitted,yes
tresnet_m.miil_in21k_ft_in1k,29340032,hf:timm/tresnet_m.miil_in21k_ft_in1k@4ed0550e5ae72a849d20fb7eb400f4b97e136602,2048,fitted,fitted,yes
tresnet_v2_l.miil_in21k,44125824,hf:timm/tresnet_v2_l.miil_in21k@21419ad798c25a2c56d48fdaef181abebf2882d8,2048,fitted,fitted,yes
tresnet_v2_l.miil_in21k_ft_in1k,44125824,hf:timm/tresnet_v2_l.miil_in21k_ft_in1k@793543fbf568852839add8d342ce2a848abc9798,2048,fitted,fitted,yes
twins_pcpvt_base.in1k,43315456,hf:timm/twins_pcpvt_base.in1k@90fbea90c3c919169d0660d6cb96397d3f913f2b,512,fitted,fitted,yes
twins_pcpvt_small.in1k,23593216,hf:timm/twins_pcpvt_small.in1k@e50d3204acc0d63bbfd2f3c6ca9800ff0e97e094,512,fitted,fitted,yes
twins_svt_small.in1k,23547776,hf:timm/twins_svt_small.in1k@42c9bf4b9fdc569b3d75adad47bfcf4d2fb580aa,512,fitted,fitted,yes
visformer_small.in1k,39450592,hf:timm/visformer_small.in1k@7c2f2cde5cc711870d60823dbc4d9f70bf6df6b8,768,fitted,fitted,yes
visformer_tiny.in1k,9936368,hf:timm/visformer_tiny.in1k@8cb5caabd4b6e96f02772f14fc2652c83b1279ea,384,fitted,fitted,yes
vit_medium_patch16_clip_224.tinyclip_yfcc15m,38325248,hf:timm/vit_medium_patch16_clip_224.tinyclip_yfcc15m@28f44f9209ae3b66cce24922b0c158a134b4554c,512,fitted,fitted,yes
vit_medium_patch32_clip_224.tinyclip_laion400m,39429632,hf:timm/vit_medium_patch32_clip_224.tinyclip_laion400m@a63295e33a7f3672b8fd90bc6cbbcf8da175395d,512,fitted,fitted,yes
vit_relpos_medium_patch16_224.sw_in1k,38234208,hf:timm/vit_relpos_medium_patch16_224.sw_in1k@d6e0fa4d38850773a0821b8623684a0eb2de6787,512,fitted,fitted,yes
vit_relpos_medium_patch16_cls_224.sw_in1k,38251616,hf:timm/vit_relpos_medium_patch16_cls_224.sw_in1k@19af7afa226c46efaaf3e14b852bd50ec9a85163,512,fitted,fitted,yes
vit_relpos_medium_patch16_rpn_224.sw_in1k,38221920,hf:timm/vit_relpos_medium_patch16_rpn_224.sw_in1k@1be1891d321175c4864daf18128733470282674a,512,fitted,fitted,yes
vit_relpos_small_patch16_224.sw_in1k,21598920,hf:timm/vit_relpos_small_patch16_224.sw_in1k@07740b2c9b2b3057c2b7bf39d7c9a25de89ab5fc,384,fitted,fitted,yes
vit_small_patch16_224.augreg_in1k,21665664,hf:timm/vit_small_patch16_224.augreg_in1k@d01bbafd7491e7caeb940a9ceda55eb8f0f99f53,384,fitted,fitted,yes
vit_small_patch16_224.augreg_in21k,21665664,hf:timm/vit_small_patch16_224.augreg_in21k@e92009a28e352478c6e975418e05faa03b337559,384,fitted,fitted,yes
vit_small_patch16_224.augreg_in21k_ft_in1k,21665664,hf:timm/vit_small_patch16_224.augreg_in21k_ft_in1k@7e2c55630205e1266030f18370f4c6ed1a514b52,384,fitted,fitted,yes
vit_small_patch16_224.dino,21665664,hf:timm/vit_small_patch16_224.dino@10e440b8a34dfd657a90f2fcaa988c6b6a2f0da4,,excluded: timm build failure (state_dict mismatch: fc_norm vs norm under global_pool='avg'),excluded: timm build failure (state_dict mismatch: fc_norm vs norm under global_pool='avg'),no
vit_small_patch16_rope_224.naver_in1k,21599232,hf:timm/vit_small_patch16_rope_224.naver_in1k@91eb2b2dbd275277ba865c63d20b8c26c7cfbfb5,384,fitted,fitted,yes
vit_small_patch16_rope_ape_224.naver_in1k,21674496,hf:timm/vit_small_patch16_rope_ape_224.naver_in1k@e72dd922bf6b5d4194a42dc0e9d4ca20ec078d05,384,fitted,fitted,yes
vit_small_patch16_rope_mixed_224.naver_in1k,21603840,hf:timm/vit_small_patch16_rope_mixed_224.naver_in1k@a2e714cef479f37f35105a6e81cfda65f29ca572,384,fitted,fitted,yes
vit_small_patch16_rope_mixed_ape_224.naver_in1k,21679104,hf:timm/vit_small_patch16_rope_mixed_ape_224.naver_in1k@2b805675ec8aaa349f2a852128cbb1c9d00038e7,384,fitted,fitted,yes
vit_small_patch32_224.augreg_in21k,22493952,hf:timm/vit_small_patch32_224.augreg_in21k@37f1068e803af27b04ce1ed2fc4eac8062208b51,384,fitted,fitted,yes
vit_small_patch32_224.augreg_in21k_ft_in1k,22493952,hf:timm/vit_small_patch32_224.augreg_in21k_ft_in1k@397d2e2d720b9ca4d7c59e07a2cf542069134863,384,fitted,fitted,yes
vit_small_patch8_224.dino,21670272,hf:timm/vit_small_patch8_224.dino@35030b73013bb9fcbf66a5b542b96a7e2fd9ec9e,,excluded: timm build failure (state_dict mismatch: fc_norm vs norm under global_pool='avg'),excluded: timm build failure (state_dict mismatch: fc_norm vs norm under global_pool='avg'),no
vit_small_r26_s32_224.augreg_in21k,36046912,hf:timm/vit_small_r26_s32_224.augreg_in21k@46f3b345673d3fadfcfca37d493decd69ffad29e,384,fitted,fitted,yes
vit_small_r26_s32_224.augreg_in21k_ft_in1k,36046912,hf:timm/vit_small_r26_s32_224.augreg_in21k_ft_in1k@192ae0b613d377a340326e587ee6296a115a6c5d,384,fitted,fitted,yes
vit_srelpos_medium_patch16_224.sw_in1k,38222856,hf:timm/vit_srelpos_medium_patch16_224.sw_in1k@e4f27a867eea4353adf1f7382af8dc5c7e3ba48f,512,fitted,fitted,yes
vit_srelpos_small_patch16_224.sw_in1k,21588486,hf:timm/vit_srelpos_small_patch16_224.sw_in1k@a4e73e9fd8a961940426eb9d088b6fd68898e6c9,384,fitted,fitted,yes
vit_tiny_patch16_224.augreg_in21k,5524416,hf:timm/vit_tiny_patch16_224.augreg_in21k@3d5f75e2fe58abe541d5651356278a1df3fd3ab3,192,fitted,fitted,yes
vit_tiny_patch16_224.augreg_in21k_ft_in1k,5524416,hf:timm/vit_tiny_patch16_224.augreg_in21k_ft_in1k@7d3afdd0cf93ad84d986eb2d6bcc5812ebd0b106,192,fitted,fitted,yes
vit_tiny_r_s16_p8_224.augreg_in21k,6144704,hf:timm/vit_tiny_r_s16_p8_224.augreg_in21k@1dab192f94b52866ba078ee87399a90dc01aac54,192,fitted,fitted,yes
vit_tiny_r_s16_p8_224.augreg_in21k_ft_in1k,6144704,hf:timm/vit_tiny_r_s16_p8_224.augreg_in21k_ft_in1k@ba085cf584fa2b6b12e96d698aedc0fe6c0eacc7,192,fitted,fitted,yes
vit_xsmall_patch16_clip_224.tinyclip_yfcc15m,8145920,hf:timm/vit_xsmall_patch16_clip_224.tinyclip_yfcc15m@b922ae7a33ddc43b61821a43c9770a96f08bb408,256,fitted,fitted,yes
vitamin_small_224.datacomp1b_clip,21877696,hf:jienengchen/ViTamin-S@a33161305bb0c4154173fdb306de6a224440f616,384,fitted,fitted,yes
vitamin_small_224.datacomp1b_clip_ltt,21877696,hf:jienengchen/ViTamin-S-LTT@53fdf22e7a2bc0b48b6f64bdc7c2182c5030a367,384,fitted,fitted,yes
volo_d1_224.sail_in1k,25862040,hf:timm/volo_d1_224.sail_in1k@0d1b31899ae4cb562932c62d1d8820c1d796a4f1,384,fitted,fitted,yes
xcit_nano_12_p16_224.fb_dist_in1k,2924224,hf:timm/xcit_nano_12_p16_224.fb_dist_in1k@621eefa447a264fd3ea0d55ae771f7ba84c58727,128,fitted,fitted,yes
xcit_nano_12_p16_224.fb_in1k,2924224,hf:timm/xcit_nano_12_p16_224.fb_in1k@b181b4623913d78fd0927601c36e40b9d8bc74ce,128,fitted,fitted,yes
xcit_nano_12_p8_224.fb_dist_in1k,2920016,hf:timm/xcit_nano_12_p8_224.fb_dist_in1k@04c653559bfb903ef466570666a97ffc68bc5f33,128,fitted,fitted,yes
xcit_nano_12_p8_224.fb_in1k,2920016,hf:timm/xcit_nano_12_p8_224.fb_in1k@90b0b5ab7460e745be235f050222f28706ea7818,128,fitted,fitted,yes
xcit_small_12_p16_224.fb_dist_in1k,25868304,hf:timm/xcit_small_12_p16_224.fb_dist_in1k@e067ce08e3d34a10bbc14b26dc1d0b48298d13a3,384,fitted,fitted,yes
xcit_small_12_p16_224.fb_in1k,25868304,hf:timm/xcit_small_12_p16_224.fb_in1k@1848977783cf4642d01534cb22107f337af0a3a1,384,fitted,fitted,yes
xcit_small_12_p8_224.fb_dist_in1k,25828032,hf:timm/xcit_small_12_p8_224.fb_dist_in1k@2a5e6b795353c81288db1c36f5cd24154e6906b8,384,fitted,fitted,yes
xcit_small_12_p8_224.fb_in1k,25828032,hf:timm/xcit_small_12_p8_224.fb_in1k@b0dffb3d192a38cd986e77567e4b77292e7067f6,384,fitted,fitted,yes
xcit_small_24_p16_224.fb_dist_in1k,47286384,hf:timm/xcit_small_24_p16_224.fb_dist_in1k@498104731a9c5e88f6c7051afd938e8a4f30646e,384,fitted,fitted,yes
xcit_small_24_p16_224.fb_in1k,47286384,hf:timm/xcit_small_24_p16_224.fb_in1k@05549830152b9db75d481cffb3599b7bc08eea03,384,fitted,fitted,yes
xcit_small_24_p8_224.fb_dist_in1k,47246112,hf:timm/xcit_small_24_p8_224.fb_dist_in1k@6b0253d20a23bb2238cb7961061786036b8f0e1b,384,fitted,fitted,yes
xcit_small_24_p8_224.fb_in1k,47246112,hf:timm/xcit_small_24_p8_224.fb_in1k@253df11b896f33689e1eec3d4be79f6d692a5632,384,fitted,fitted,yes
xcit_tiny_12_p16_224.fb_dist_in1k,6523272,hf:timm/xcit_tiny_12_p16_224.fb_dist_in1k@3c507a9b72e2da2d88af90cf2ac903e03ebcd1bc,192,fitted,fitted,yes
xcit_tiny_12_p16_224.fb_in1k,6523272,hf:timm/xcit_tiny_12_p16_224.fb_in1k@060449891838eaf301bdb3673e3daaf58e0370de,192,fitted,fitted,yes
xcit_tiny_12_p8_224.fb_dist_in1k,6513504,hf:timm/xcit_tiny_12_p8_224.fb_dist_in1k@354e0f31f2baab93f5cdb8b47162c246dc5b9859,192,fitted,fitted,yes
xcit_tiny_12_p8_224.fb_in1k,6513504,hf:timm/xcit_tiny_12_p8_224.fb_in1k@a33ee1fb2af50a48b7c857ac36255713095c1b93,192,fitted,fitted,yes
xcit_tiny_24_p16_224.fb_dist_in1k,11923896,hf:timm/xcit_tiny_24_p16_224.fb_dist_in1k@46bcb37cb381e0d2fc87374fc38350d1b36076e6,192,fitted,fitted,yes
xcit_tiny_24_p16_224.fb_in1k,11923896,hf:timm/xcit_tiny_24_p16_224.fb_in1k@053bdaaab32d3bc4d1b5f4ae45ee87be71a96e85,192,fitted,fitted,yes
xcit_tiny_24_p8_224.fb_dist_in1k,11914128,hf:timm/xcit_tiny_24_p8_224.fb_dist_in1k@e5e405b47145551f2d177ba4ea1f604b5dbc856b,192,fitted,fitted,yes
xcit_tiny_24_p8_224.fb_in1k,11914128,hf:timm/xcit_tiny_24_p8_224.fb_in1k@337c26d02811c94d8a34eb3284d7b20296300e25,192,fitted,fitted,yes
